term_id,canonical_term,category,subcategory,definition,mechanical_role,typical_value_unit,design_notes,scope,added,search_tags
WG-0001,Model,Game object,Physical piece,"A single playing piece representing one combatant, vehicle, creature or other entity.",Primary atomic game object,,Distinguish the physical miniature from its rules profile when precision matters.,Generic / cross-system,2026-09-23,model miniature; figure game object physical piece
WG-0002,Miniature,Game object,Physical piece,A physical representation used on the tabletop.,Physical representation,,"Often interchangeable with model, but some rules use model as the rules object and miniature as the physical piece.",Generic / cross-system,2026-09-23,miniature model; figure game object physical piece
WG-0003,Unit,Game object,Grouping,"One or more models treated as a rules group for activation, targeting, movement or scoring.",Groups multiple models into one game entity,,"Define whether attacks, movement and conditions apply per model or per unit.",Generic / cross-system,2026-09-23,unit squad; group; element game object grouping
WG-0004,Trooper,Game object,Combatant,A rules term for an individual fighting game element.,Names an individual actor,,Useful where 'model' would be too physical or generic.,System-specific but reusable,2026-09-23,trooper model; soldier game object combatant
WG-0005,Character,Game object,Special model,"A model with individual identity or special rules, often operating differently from ordinary troops.",Marks exceptional pieces,,"May interact with bodyguards, leaders, command ranges or unique limits.",Generic / cross-system,2026-09-23,character hero; leader; named model game object special model
WG-0006,Leader,Game object,Command,"A model or unit designated to command, attach to or influence others.",Creates command hierarchy,,Separate 'leader as list-building role' from 'leader as battlefield aura source'.,Generic / cross-system,2026-09-23,leader commander; officer game object command
WG-0007,Controller,Rules relation,Control,The player currently making decisions for a game object.,Determines decision authority,,Controller can differ from owner in mind-control or temporary-control effects.,Generic / cross-system,2026-09-23,controller controlling player rules relation control
WG-0008,Owner,Rules relation,Ownership,The player to whom a game object belongs for persistent ownership purposes.,Tracks persistent ownership,,Keep distinct from controller when effects can seize control.,Generic / cross-system,2026-09-23,owner owning player rules relation ownership
WG-0009,Friendly,Rules relation,Alignment,Belonging to the same side or force for the rule being resolved.,Filters legal targets/effects,,Define whether friendly includes the source itself.,Generic / cross-system,2026-09-23,friendly friendly model; friendly unit; allied side rules relation alignment
WG-0010,Enemy,Rules relation,Alignment,Belonging to an opposing side for the rule being resolved.,Filters targets and interactions,,Do not assume 'not friendly' always equals enemy if neutral objects exist.,Generic / cross-system,2026-09-23,enemy enemy model; hostile unit rules relation alignment
WG-0011,Ally,Rules relation,Alignment,"A friendly game element meeting an additional relationship condition, such as shared faction or keyword.",Narrower friendly relation,,Useful when some friendly models should not receive faction-specific synergies.,Generic / cross-system,2026-09-23,ally allied model; allied unit rules relation alignment
WG-0012,Neutral,Rules relation,Alignment,A game element belonging to neither opposing force.,Supports scenario objects/third parties,,"Define whether neutral objects can be targeted, controlled or destroyed.",Generic / cross-system,2026-09-23,neutral uncontrolled; neutral element rules relation alignment
WG-0013,Hostile,Rules relation,Alignment,A non-player or third-party element treated as an enemy for attacks or interactions.,Third-party opposition,,"Useful for wildlife, hazards, NPCs or automated defences.",Generic / cross-system,2026-09-23,hostile hostile element rules relation alignment
WG-0014,Target,Rules process,Targeting,"The game element chosen to receive an attack, action or effect.",Identifies recipient of an effect,,Specify target eligibility before costs and dice are committed.,Generic / cross-system,2026-09-23,target selected target; defender rules process targeting
WG-0015,Attacker,Rules relation,Combat,"The model, unit or player initiating an attack.",Identifies source of combat resolution,,May differ from active model when reactions or controlled attacks exist.,Generic / cross-system,2026-09-23,attacker initiator; attacking model/unit rules relation combat
WG-0016,Defender,Rules relation,Combat,The model or unit defending against an attack or opposed effect.,Identifies defensive participant,,Some games define defender only after a legal target is declared.,Generic / cross-system,2026-09-23,defender resister; target rules relation combat
WG-0017,Profile,Game data,Profile,The structured rules data describing a model or unit.,Holds characteristics and abilities,,Keep profile identity separate from the physical model and from army-list entry.,Generic / cross-system,2026-09-23,profile stat line; datasheet; warscroll; stat card; unit profile game data profile
WG-0018,Characteristic,Game data,Statistic,A named numerical or categorical property used by the rules.,Stores reusable game data,,"Examples include Move, Health, Defence, Control, Skill or Armour.",Generic / cross-system,2026-09-23,characteristic attribute; stat; value game data statistic
WG-0019,Keyword,Rules language,Tagging,"A short label attached to an object, rule or ability so other rules can reference a class of things.",Creates machine-like rule hooks,,"A keyword can mean faction identity, unit type or a mechanical ability; record which kind you mean.",Generic / cross-system,2026-09-23,keyword tag; trait; label rules language tagging
WG-0020,Trait,Rules language,Tagging,A named property that modifies how an object or effect behaves.,Reusable rules hook,,Often used for weapon or equipment behaviour rather than identity.,Generic / cross-system,2026-09-23,trait tag; property rules language tagging
WG-0021,Label,Rules language,Tagging,A classification attached to a rule to group it with related rules.,Rule grouping,,"Useful for interactions such as 'Movement', 'Attack' or 'Comms'.",Generic / cross-system,2026-09-23,label tag rules language tagging
WG-0022,Ability,Rules language,Rule object,"A discrete rule a model, unit, card or scenario can use or possess.",Packages behaviour,,"For clean design, give each ability timing, trigger/declare step, target, cost and effect.",Generic / cross-system,2026-09-23,ability special rule; power; skill rules language rule object
WG-0023,Action,Rules language,Action economy,A discrete thing a model or unit may perform during activation.,Consumes action economy,,Define whether movement itself is an action and whether actions can repeat.,Generic / cross-system,2026-09-23,action order; activity rules language action economy
WG-0024,Effect,Rules language,Resolution,"The mechanical change produced by a rule, action or ability.",Applies game-state change,,Separate effect from trigger and cost to reduce timing ambiguity.,Generic / cross-system,2026-09-23,effect result; outcome rules language resolution
WG-0025,Cost,Rules language,Cost,A resource or condition paid to use an action or ability.,Constrains use,,State whether a cost is paid before target validation and whether it is refunded on failure.,Generic / cross-system,2026-09-23,cost spend; requirement rules language cost
WG-0026,Requirement,Rules language,Eligibility,"A condition that must be true before an action, attack or rule may be used.",Gates legality,,Keep requirements separate from costs and effects.,Generic / cross-system,2026-09-23,requirement prerequisite; condition rules language eligibility
WG-0027,Restriction,Rules language,Eligibility,A condition that forbids or narrows otherwise legal choices.,Gates legality,,Target restrictions are easier to parse when listed explicitly.,Generic / cross-system,2026-09-23,restriction limitation; prohibition rules language eligibility
WG-0028,Eligible,Rules language,Eligibility,"Currently permitted to perform, be selected by or receive a rule.",Legality test,,"Use consistently instead of alternating between 'may', 'can' and 'able to'.",Generic / cross-system,2026-09-23,eligible legal; valid rules language eligibility
WG-0029,Resolve,Rules language,Resolution,To execute the mechanical steps and outcomes of a declared rule.,Timing verb,,"Useful paired with Declare: declare first, then resolve.",Generic / cross-system,2026-09-23,resolve apply; carry out rules language resolution
WG-0030,Declare,Rules language,Timing,To commit to an action or ability and identify required choices before its effect is resolved.,Timing and commitment,,"Good rules specify what is chosen at declaration: source, target, mode, weapon and costs.",Generic / cross-system,2026-09-23,declare announce; choose rules language timing
WG-0031,Trigger,Rules language,Timing,An event or condition that causes a rule to become available or fire automatically.,Event hook,,"Differentiate 'when', 'after', 'before' and 'at the start/end of'.",Generic / cross-system,2026-09-23,trigger when; whenever; after rules language timing
WG-0032,Reaction,Rules language,Timing,An action or effect used in response to another player's action rather than only on your own turn.,Creates interactivity,,Define response windows and whether multiple reactions can stack.,Generic / cross-system,2026-09-23,reaction interrupt; response; aro; overwatch rules language timing
WG-0033,Timing,Rules language,Timing,The point in the sequence when a rule may or must occur.,Orders simultaneous effects,,A formal timing hierarchy prevents most rules disputes.,Generic / cross-system,2026-09-23,timing timing window; step rules language timing
WG-0034,Rules priority,Rules language,Conflict resolution,A hierarchy deciding which rule wins when two instructions conflict.,Resolves contradictions,,Common pattern: specific overrides general; cards/scenarios may override core rules.,Generic / cross-system,2026-09-23,rules priority precedence; override rules language conflict resolution
WG-0035,Game,Turn structure,Whole game,A complete play session governed by one scenario or victory condition.,Top-level time structure,,,Generic / cross-system,2026-09-23,game battle; match turn structure whole game
WG-0036,Round,Turn structure,Round,"A major cycle containing turns, phases or activations from both sides.",Structures recurring play,,Round can mean one turn per player or a full activation cycle.,Generic / cross-system,2026-09-23,round battle round; game round turn structure round
WG-0037,Turn,Turn structure,Turn,A period in which one player is considered active or receives a major sequence of play.,Structures initiative,,Some games replace player turns with alternating unit activations.,Generic / cross-system,2026-09-23,turn player turn turn structure turn
WG-0038,Phase,Turn structure,Phase,A named portion of a turn or round dedicated to related activities.,Chunks rules timing,,"Examples: Command, Movement, Shooting, Charge, Fight.",Generic / cross-system,2026-09-23,phase step; phase of turn turn structure phase
WG-0039,Step,Turn structure,Step,"A smaller ordered part inside a phase, action or attack sequence.",Fine timing control,,Good for explicit attack pipelines and end-of-round cleanup.,Generic / cross-system,2026-09-23,step sub-step; timing step turn structure step
WG-0040,Activation,Turn structure,Activation,The window in which a selected model or unit acts.,Unit-level turn economy,,Core concept for alternating-activation games.,Generic / cross-system,2026-09-23,activation activate; activation phase turn structure activation
WG-0041,Active player,Turn structure,Active side,The player whose turn or timing priority is currently being resolved.,Assigns timing precedence,,,Generic / cross-system,2026-09-23,active player current player turn structure active side
WG-0042,Active model,Turn structure,Active piece,The model or unit currently taking its activation.,Defines source of actions,,,Generic / cross-system,2026-09-23,active model active unit; activated unit turn structure active piece
WG-0043,Initiative,Turn structure,Initiative,The mechanism deciding who acts first or has first choice in a round.,Orders players,,"Can be fixed, rolled, bid, card-driven or scenario-driven.",Generic / cross-system,2026-09-23,initiative priority; first player turn structure initiative
WG-0044,Priority,Turn structure,Initiative,The right to act first or resolve a contested timing choice first.,Orders players/effects,,,Generic / cross-system,2026-09-23,priority initiative; first player turn structure initiative
WG-0045,Alternating activation,Turn structure,Activation model,Players alternate activating individual units or models.,Controls tempo,,"Players alternate individual model/unit activations. Do not confuse this with I-go-you-go, where one player completes a larger turn sequence before the other.",Generic / cross-system,2026-09-23,alternating activation i-go-you-go by unit turn structure activation model
WG-0046,Random activation,Turn structure,Activation model,The next side or unit opportunity is determined by a random draw.,Creates uncertain tempo,,Frequently uses coloured dice or tokens in a bag.,Generic / cross-system,2026-09-23,random activation order-dice activation; bag draw turn structure activation model
WG-0047,Order,Turn structure,Activation command,An instruction assigned to a unit that determines its action or state.,Packages activation choice,,Order can be both the action chosen and the physical token marking it.,Generic / cross-system,2026-09-23,order command; order die turn structure activation command
WG-0048,Command,Turn structure,Command,A higher-level instruction or resource-driven rule influencing units.,Supports command layer,,"May be a phase, card, order, point-spend or aura depending on system.",Generic / cross-system,2026-09-23,command command ability; command action turn structure command
WG-0049,Pass,Turn structure,Pass,Choose not to take an available action or activation opportunity.,Tempo control,,Rules should state when passing is allowed and whether it ends a sequence.,Generic / cross-system,2026-09-23,pass skip; forgo activation turn structure pass
WG-0050,Ready,Turn structure,Readiness,"A state indicating a model, card or ability is available for use.",Tracks availability,,Opposite of exhausted/spent in many designs.,Generic / cross-system,2026-09-23,ready unexhausted; available turn structure readiness
WG-0051,Exhausted,Turn structure,Readiness,A state indicating an object or ability has been used and requires recovery before reuse.,Tracks limited reuse,,Distinguish card exhaustion from unit activation.,Generic / cross-system,2026-09-23,exhausted spent; used; tapped turn structure readiness
WG-0052,Refresh,Turn structure,Readiness,"Return spent resources, cards or abilities to an available state.",Resets action resources,,Often occurs in upkeep or end phase.,Generic / cross-system,2026-09-23,refresh ready; reset; recover turn structure readiness
WG-0053,End phase,Turn structure,Cleanup,"A phase that scores, removes temporary markers and resets state.",Game-state maintenance,,,Generic / cross-system,2026-09-23,end phase cleanup phase; end step turn structure cleanup
WG-0054,Once per turn,Turn structure,Usage limit,A frequency limit allowing one use during a turn.,Balances abilities,,"Specify per model, per unit, per player or per copy.",Generic / cross-system,2026-09-23,once per turn 1/turn turn structure usage limit
WG-0055,Once per round,Turn structure,Usage limit,A frequency limit allowing one use during a round.,Balances abilities,,,Generic / cross-system,2026-09-23,once per round 1/round turn structure usage limit
WG-0056,Once per game,Turn structure,Usage limit,A frequency limit allowing one use during the entire game.,Creates high-impact resource,,,Generic / cross-system,2026-09-23,once per game limited; single use turn structure usage limit
WG-0057,Free action,Turn structure,Action economy,An action that does not consume the normal action allowance.,Expands action economy,,Define whether free actions can repeat or generate other actions.,Generic / cross-system,2026-09-23,free action bonus action; zero-action turn structure action economy
WG-0058,Action limit,Turn structure,Action economy,The maximum number of normal actions a model or unit may declare in an activation.,Caps action economy,integer,A clear action limit is useful even if most models use the same default.,Generic / cross-system,2026-09-23,action limit actions per activation turn structure action economy
WG-0059,Action point,Turn structure,Action economy,A spendable unit of action economy used to pay for actions.,Flexible action economy,integer,"Not universal, but a common design alternative to fixed action counts.",Generic design term,2026-09-23,action point ap; action resource turn structure action economy
WG-0060,Distance,Measurement & spatial,Distance,The measured separation between game elements.,Core spatial rule,inches; cm; range band,"Define where measurement begins and ends: base edge, centre, silhouette, token edge.",Generic / cross-system,2026-09-23,distance measurement; separation measurement & spatial distance
WG-0061,Range,Measurement & spatial,Range,The maximum or banded distance at which an attack or effect may reach.,Limits targeting/effects,inches; cm; range band,Range may be numeric or abstract bands such as Short/Medium/Long.,Generic / cross-system,2026-09-23,range weapon range; effect range measurement & spatial range
WG-0062,Range band,Measurement & spatial,Range band,A discrete distance category rather than a single numeric distance.,Abstracts measurement,band/category,Useful for compact profiles and bespoke measuring tools.,Generic / cross-system,2026-09-23,range band short; medium; long; extreme measurement & spatial range band
WG-0063,Short range,Measurement & spatial,Range band,"A near-distance band, often with better accuracy or different effects.",Range modifier/band,band or inches,,Generic / cross-system,2026-09-23,short range close range measurement & spatial range band
WG-0064,Long range,Measurement & spatial,Range band,"A distant band, often imposing penalties or reducing effect.",Range modifier/band,band or inches,,Generic / cross-system,2026-09-23,long range extended range measurement & spatial range band
WG-0065,Extreme range,Measurement & spatial,Range band,A furthest optional range band with severe penalties or restrictions.,Extends weapon reach,band or inches,,Generic/common,2026-09-23,extreme range maximum band measurement & spatial range band
WG-0066,Minimum range,Measurement & spatial,Range constraint,A lower distance limit inside which a weapon or effect cannot be used normally.,Creates dead zone,inches; cm; band,,Generic/common,2026-09-23,minimum range dead zone measurement & spatial range constraint
WG-0067,Maximum range,Measurement & spatial,Range constraint,The furthest legal distance for an attack or effect.,Caps reach,inches; cm; band,,Generic / cross-system,2026-09-23,maximum range max range measurement & spatial range constraint
WG-0068,Half range,Measurement & spatial,Range threshold,A threshold equal to half a weapon's listed range used to switch rules or bonuses.,Conditional range breakpoint,distance,Useful for rapid-fire or optimal-range mechanics.,Generic / cross-system,2026-09-23,half range close-range threshold measurement & spatial range threshold
WG-0069,Within,Measurement & spatial,Containment,At least part of the relevant object lies inside the stated distance or area.,Defines spatial eligibility,,Needs a precise measurement convention.,Generic / cross-system,2026-09-23,within inside range; at most measurement & spatial containment
WG-0070,Wholly within,Measurement & spatial,Containment,"The entire relevant base, model volume or unit must lie inside the stated area.",Stricter spatial eligibility,,Define whether every model or entire base must qualify.,Generic / cross-system,2026-09-23,wholly within completely within measurement & spatial containment
WG-0071,Not within,Measurement & spatial,Containment,The relevant object is outside a stated distance or area.,Defines exclusion zone,,,Generic / cross-system,2026-09-23,not within outside range measurement & spatial containment
WG-0072,Base,Measurement & spatial,Physical footprint,The physical footprint beneath a miniature used for placement and measurement.,Defines occupied space,mm diameter/shape,Rules should say whether protruding model parts matter.,Generic / cross-system,2026-09-23,base base edge; footprint measurement & spatial physical footprint
WG-0073,Base contact,Measurement & spatial,Contact,Two game elements are touching according to the system's base/footprint convention.,Defines adjacency/contact,touching,"Often used for melee, interaction, objectives and transport.",Generic / cross-system,2026-09-23,base contact base-to-base; b2b measurement & spatial contact
WG-0074,Silhouette,Measurement & spatial,Abstract volume,A standardised game volume used instead of the sculpt's actual shape.,Normalises LOS/space,size category/template,Extremely useful where dynamic poses would otherwise affect rules.,"System-specific term, generic concept",2026-09-23,silhouette volume; size template measurement & spatial abstract volume
WG-0075,Size,Measurement & spatial,Size,"A categorical measure of model or terrain scale used by movement, throws, cover or LOS.",Spatial classification,integer/category,Keep separate from base size if both matter.,Generic / cross-system,2026-09-23,size sz; scale; size class measurement & spatial size
WG-0076,Height,Measurement & spatial,Vertical size,A vertical measurement or category used for terrain and LOS.,Vertical spatial rule,inches; mm; category,,Generic / cross-system,2026-09-23,height ht; elevation measurement & spatial vertical size
WG-0077,Facing,Measurement & spatial,Orientation,The direction a model or unit is considered to face.,Controls arcs/movement,angle/direction,Many modern systems remove facing; include it only when it earns its complexity.,Generic / cross-system,2026-09-23,facing orientation measurement & spatial orientation
WG-0078,Front arc,Measurement & spatial,Arc,The forward angular area of a model or vehicle.,Limits LOS/fire/armour,degrees,Common with vehicles and games using facing.,Generic / cross-system,2026-09-23,front arc front 180; frontal arc measurement & spatial arc
WG-0079,Side arc,Measurement & spatial,Arc,The side angular area of a model or vehicle.,Armour/attack location,degrees,,Generic / cross-system,2026-09-23,side arc flank arc measurement & spatial arc
WG-0080,Rear arc,Measurement & spatial,Arc,The rear angular area of a model or vehicle.,Weak facing / attack location,degrees,,Generic / cross-system,2026-09-23,rear arc rear; back arc measurement & spatial arc
WG-0081,Firing arc,Measurement & spatial,Arc,The angular region in which a weapon can legally target.,Constrains weapon targeting,degrees/printed arc,,Generic/common,2026-09-23,firing arc weapon arc; fire arc measurement & spatial arc
WG-0082,Zone,Measurement & spatial,Area,A defined part of the battlefield with shared rules or scenario meaning.,Spatial container,shape/area,,Generic / cross-system,2026-09-23,zone area; region measurement & spatial area
WG-0083,Zone of Control,Measurement & spatial,Proximity zone,"An area around a model within which it exerts awareness, control or reaction effects.",Proximity interaction,radius,"May drive reactions, movement restrictions or engagement.","System-specific term, generic concept",2026-09-23,zone of control zoc; control radius measurement & spatial proximity zone
WG-0084,Engagement Range,Measurement & spatial,Proximity zone,The distance at which opposing models or units count as engaged in close combat.,Switches combat state,inches/category,Do not confuse with weapon reach if the system separates them.,Generic / cross-system,2026-09-23,engagement range melee range; combat range measurement & spatial proximity zone
WG-0085,Combat range,Measurement & spatial,Proximity zone,A defined proximity within which models are considered in combat or able to fight.,Defines close combat,inches/category,,Generic / cross-system,2026-09-23,combat range melee zone; engagement range measurement & spatial proximity zone
WG-0086,Coherency,Measurement & spatial,Formation,A rule requiring models in a unit to remain within a specified spacing relationship.,Keeps multi-model units together,inches/cm,Specify when coherency is checked and how casualties repair breaks.,Generic / cross-system,2026-09-23,coherency formation spacing; unit cohesion measurement & spatial formation
WG-0087,Coherency range,Measurement & spatial,Formation,The maximum spacing allowed between models to maintain unit coherency.,Formation constraint,inches/cm,,Generic / cross-system,2026-09-23,coherency range unit spacing measurement & spatial formation
WG-0088,Centrepoint,Measurement & spatial,Battlefield reference,The exact centre of the battlefield.,Scenario reference,point,,Generic / cross-system,2026-09-23,centrepoint table centre; midpoint measurement & spatial battlefield reference
WG-0089,Centreline,Measurement & spatial,Battlefield reference,A line dividing the battlefield into two halves.,Deployment/scoring reference,line,,Generic / cross-system,2026-09-23,centreline midline measurement & spatial battlefield reference
WG-0090,Table edge,Measurement & spatial,Battlefield reference,The boundary of the playable area.,Deployment/retreat reference,edge,,Generic / cross-system,2026-09-23,table edge battlefield edge measurement & spatial battlefield reference
WG-0091,Table half,Measurement & spatial,Battlefield reference,One of two halves divided by the centreline.,Scenario/deployment area,area,,Generic / cross-system,2026-09-23,table half battlefield half measurement & spatial battlefield reference
WG-0092,Table quarter,Measurement & spatial,Battlefield reference,One of four equal battlefield quadrants.,Scenario/scoring area,area,,Generic / cross-system,2026-09-23,table quarter quadrant; battlefield quarter measurement & spatial battlefield reference
WG-0093,Territory,Measurement & spatial,Battlefield region,A side-associated portion of the battlefield.,Scenario/deployment reference,area,,Generic / cross-system,2026-09-23,territory friendly territory; enemy territory measurement & spatial battlefield region
WG-0094,Move,Movement,Core movement,Change a model or unit's position up to a permitted distance.,Primary positioning mechanic,inches; cm; tool length,Use as the canonical concept; individual games call the stat Move or Speed.,Generic / cross-system,2026-09-23,move movement; mv; m; speed move movement core movement
WG-0095,Move characteristic,Movement,Movement stat,A profile value defining normal movement capacity.,Quantifies mobility,inches; cm; band,Canonical design concept is movement allowance; labels differ heavily by game.,Generic / cross-system,2026-09-23,move characteristic mv; m; speed; sp; spd movement movement stat
WG-0096,Speed,Movement,Movement stat,A movement-related characteristic or category expressing how fast a unit moves.,Quantifies mobility,number; band,Some games use Speed as the stat and Move as the action.,Generic / cross-system,2026-09-23,speed sp; spd; movement rate movement movement stat
WG-0097,Normal Move,Movement,Movement mode,A basic movement with few or no special penalties.,Baseline repositioning,up to Move value,,Generic / cross-system,2026-09-23,normal move standard move; walk; move movement movement mode
WG-0098,Standard Move,Movement,Movement mode,A game's default move action using normal movement rules.,Baseline repositioning,movement tool / speed,,Generic / cross-system,2026-09-23,standard move normal move movement movement mode
WG-0099,Walk,Movement,Movement mode,A basic non-running movement action.,Baseline repositioning,Move value,,Generic/common,2026-09-23,walk move; basic move movement movement mode
WG-0100,Advance,Movement,Movement mode,A movement mode that goes beyond staying still but is not always full-speed running.,Flexible movement,Move or Move+random,"Overloaded term. In Warhammer 40,000 it denotes a faster movement mode; in Bolt Action it is an order to move normally and then fire. Always record the ruleset sense.",Generic / cross-system,2026-09-23,advance move-and-fire; accelerated move movement movement mode
WG-0101,Run,Movement,Fast movement,"A faster move that usually sacrifices shooting, charging or other actions.",Trades action options for distance,double Move; Move+D6; fixed bonus,The exact cost differs greatly across systems.,Generic / cross-system,2026-09-23,run rush; sprint; dash movement fast movement
WG-0102,Rush,Movement,Fast movement,A fast movement mode typically increasing distance while limiting attacks.,Trades offence for mobility,bonus/double movement,,Generic / cross-system,2026-09-23,rush run; dash movement fast movement
WG-0103,Dash,Movement,Fast movement,"A high-speed movement mode, often terrain-specific or incompatible with attacking.",Maximum repositioning,multiple movement values,"Flames of War splits Dash into Road, Cross-Country and Terrain values.",Generic / cross-system,2026-09-23,dash run; sprint movement fast movement
WG-0104,Road Dash,Movement,Fast movement,A fast movement rate available while following roads.,Terrain-conditioned speed,inches/cm,,Generic / cross-system,2026-09-23,road dash road move movement fast movement
WG-0105,Cross-Country Dash,Movement,Fast movement,A fast movement rate across normal open terrain.,Terrain-conditioned speed,inches/cm,,Generic / cross-system,2026-09-23,cross-country dash open-ground dash movement fast movement
WG-0106,Terrain Dash,Movement,Fast movement,A fast movement rate used when moving through terrain.,Terrain-conditioned speed,inches/cm,,Generic / cross-system,2026-09-23,terrain dash rough-terrain dash movement fast movement
WG-0107,Sprint,Movement,Fast movement,"An especially fast move beyond normal run speed, usually with extra restrictions or risk.",Extreme mobility,multiple of Move,,Generic/common,2026-09-23,sprint full speed; triple move movement fast movement
WG-0108,Charge,Movement,Engagement move,A movement used to enter close combat with an enemy.,Initiates melee,distance roll; fixed/derived distance,"May require target declaration, LOS, minimum distance and engagement placement.",Generic / cross-system,2026-09-23,charge assault move; charge move movement engagement move
WG-0109,Counter-charge,Movement,Engagement move,A charge made in response to an enemy action or during the opponent's turn.,Reactive engagement,movement distance/resource cost,,Generic / cross-system,2026-09-23,counter-charge reactive charge movement engagement move
WG-0110,Assault,Movement,Engagement move,A movement/action that brings a unit into close combat and resolves melee.,Initiates close combat,,Some games use Assault for the entire melee action rather than only movement.,Generic / cross-system,2026-09-23,assault charge; close assault movement engagement move
WG-0111,Fall Back,Movement,Disengagement,"Move away from enemy engagement, usually with restrictions on later actions.",Leaves melee,Move value,Different games attach different shooting/charging penalties.,Generic / cross-system,2026-09-23,fall back retreat; withdraw; disengage movement disengagement
WG-0112,Retreat,Movement,Disengagement,"Leave close combat by moving away, often at a cost or with action restrictions.",Leaves melee,Move value / damage cost,,Generic / cross-system,2026-09-23,retreat fall back; withdraw movement disengagement
WG-0113,Withdraw,Movement,Disengagement,An action allowing a unit to leave melee engagement.,Leaves melee,move/tool,,Generic / cross-system,2026-09-23,withdraw disengage; retreat movement disengagement
WG-0114,Disengage,Movement,Disengagement,Move out of an engagement state without remaining locked in melee.,Leaves melee,,Generic canonical term for the concept.,Generic design term,2026-09-23,disengage withdraw; break contact movement disengagement
WG-0115,Pile In,Movement,Melee reposition,A short move made by models already fighting to close with nearby enemies.,Melee positioning,short fixed distance,,Generic / cross-system,2026-09-23,pile in combat move; engage move movement melee reposition
WG-0116,Consolidate,Movement,Melee reposition,"A short move made after fighting to adjust position, contact or control.",Post-combat positioning,short fixed distance,,Generic / cross-system,2026-09-23,consolidate post-combat move movement melee reposition
WG-0117,Reposition,Movement,Forced/bonus movement,"A movement occurring outside the model's normal move action, usually from an ability.",Position control,distance/tool,,Generic/common,2026-09-23,reposition shift; tactical move movement forced/bonus movement
WG-0118,Push,Movement,Forced movement,Move a model a specified distance without it taking a normal move action.,Battlefield control,short/medium/long; inches,"Clarify whether pushes stop at obstacles, models or edges.",Generic / cross-system,2026-09-23,push forced movement; shove movement forced movement
WG-0119,Pull,Movement,Forced movement,Forced movement toward a source or point.,Battlefield control,distance,Generic miniature design term.,Generic design term,2026-09-23,pull drag; draw toward movement forced movement
WG-0120,Place,Movement,Placement,Put a model at a new legal location without tracing a normal movement path.,Bypasses path movement,distance/range,Important distinction: 'place' often ignores intervening terrain because the model does not move through it.,Generic / cross-system,2026-09-23,place teleport; reposition without moving movement placement
WG-0121,Teleport,Movement,Placement,"Relocate a model without normal path movement, usually over a limited range or between points.",High-mobility placement,range/distance,,Generic design term,2026-09-23,teleport blink; redeploy movement placement
WG-0122,Jump,Movement,Vertical movement,Move over or onto obstacles using a special movement method.,Vertical/obstacle mobility,distance/height,,Generic / cross-system,2026-09-23,jump leap movement vertical movement
WG-0123,Climb,Movement,Vertical movement,Move vertically along terrain according to climbing rules.,Vertical mobility,distance/height,,Generic / cross-system,2026-09-23,climb climbing movement vertical movement
WG-0124,Fly,Movement,Movement trait,Ignore or modify normal terrain/model restrictions while moving.,Terrain-bypassing mobility,trait + Move,"Define whether Fly affects ending position, engagement and vertical distance.",Generic / cross-system,2026-09-23,fly flying; flight movement movement trait
WG-0125,Vault,Movement,Obstacle movement,Cross a low obstacle without using a full climb procedure.,Smooths terrain movement,height threshold,,Generic / cross-system,2026-09-23,vault step over; vaulting movement obstacle movement
WG-0126,Pivot,Movement,Orientation,"Rotate a model or vehicle, sometimes consuming movement or limited by angle.",Changes facing,degrees / pivots,Only needed when facing matters.,Generic / cross-system,2026-09-23,pivot turn; rotate movement orientation
WG-0127,Reverse,Movement,Vehicle movement,Move a facing-dependent model backwards under special limits.,Vehicle manoeuvre,distance/pivots,,Generic / cross-system,2026-09-23,reverse back up; reverse move movement vehicle movement
WG-0128,Scout move,Movement,Pre-game movement,A move made before normal turns begin.,Pre-battle positioning,distance,,Generic / cross-system,2026-09-23,scout move pre-game move; vanguard move movement pre-game movement
WG-0129,Redeploy,Movement,Pre-game positioning,Move or replace a deployed unit before the battle begins.,Corrects or conceals deployment,count/range,,Generic/common,2026-09-23,redeploy reposition deployment movement pre-game positioning
WG-0130,Infiltrate,Movement,Deployment mobility,Deploy closer to the enemy or outside the normal deployment zone under restrictions.,Advanced deployment,distance from enemy/zone,,Generic / cross-system,2026-09-23,infiltrate forward deploy; infiltrators movement deployment mobility
WG-0131,Deep Strike,Movement,Reserve arrival,"Enter the battlefield from reserve at a distant legal position, usually away from enemies.",Strategic deployment,minimum enemy distance,40K term; generic concept appears widely.,"System-specific label, generic concept",2026-09-23,deep strike drop deployment; teleport reserve movement reserve arrival
WG-0132,Ambush,Movement,Hidden/conditional arrival or order,"A term used either for sudden reserve arrival or a waiting fire posture, depending on system.",Surprise timing,condition,Do not treat as one universal mechanic: OPR and Bolt Action use it differently.,Generic / cross-system,2026-09-23,ambush reserve ambush; opportunity fire order movement hidden/conditional arrival or order
WG-0133,Line of Sight,Targeting & visibility,Visibility,A test of whether one game element can see another for targeting or effects.,Gates targeting,binary/geometric,"Define source point/volume, target point/volume and blocking rules.",Generic / cross-system,2026-09-23,line of sight los; sight line targeting & visibility visibility
WG-0134,Line of Fire,Targeting & visibility,Visibility,A visibility line used specifically for attacks or reactions.,Gates attacks/reactions,binary/geometric,Often equivalent to LOS but some systems distinguish the terms.,Generic / cross-system,2026-09-23,line of fire lof; fire line targeting & visibility visibility
WG-0135,Visible,Targeting & visibility,Visibility,A target satisfies the game's visibility requirement.,Target eligibility,boolean,,Generic / cross-system,2026-09-23,visible in sight; can see targeting & visibility visibility
WG-0136,Hidden,Targeting & visibility,Visibility state,A model or element is not normally targetable or identifiable until revealed.,Information/targeting state,state,,Generic / cross-system,2026-09-23,hidden concealed; hidden state targeting & visibility visibility state
WG-0137,Camouflaged,Targeting & visibility,Visibility state,A model is represented or treated as concealed with special targeting restrictions.,Stealth/hidden-information mechanic,state/marker,,Generic / cross-system,2026-09-23,camouflaged camouflage; camo state targeting & visibility visibility state
WG-0138,Concealed,Targeting & visibility,Visibility modifier,A target is harder to hit or see without being fully hidden.,Defensive visibility modifier,modifier/state,,Generic / cross-system,2026-09-23,concealed concealment; obscured targeting & visibility visibility modifier
WG-0139,Obscured,Targeting & visibility,Visibility modifier,Terrain or effects reduce or block clear visibility to a target.,Visibility/defence modifier,boolean/modifier,,Generic/common,2026-09-23,obscured obscuring; blocked visibility targeting & visibility visibility modifier
WG-0140,Cover,Targeting & visibility,Cover,Terrain protects a target by making attacks less accurate or improving defence.,Defensive terrain rule,modifier/state,"Cover can modify hit, save, defence dice or damage depending on system.",Generic / cross-system,2026-09-23,cover benefit of cover; partial cover targeting & visibility cover
WG-0141,Partial Cover,Targeting & visibility,Cover,"Only part of the target is protected or obscured, granting a reduced cover benefit.",Defensive terrain rule,modifier,,Generic / cross-system,2026-09-23,partial cover light cover; partial concealment targeting & visibility cover
WG-0142,Heavy Cover,Targeting & visibility,Cover,A stronger grade of cover providing more protection than light/partial cover.,Tiered defence,modifier,,Generic/common,2026-09-23,heavy cover hard cover; strong cover targeting & visibility cover
WG-0143,Ignore Cover,Targeting & visibility,Cover interaction,An attack ignores some or all defensive benefits provided by cover.,Counters terrain defence,trait,,Generic / cross-system,2026-09-23,ignore cover ignores cover targeting & visibility cover interaction
WG-0144,Targeting restriction,Targeting & visibility,Target legality,A rule limiting which objects an action or attack may select.,Filters targets,keyword/range/state,"Typical restrictions: enemy, friendly, non-leader, keyword, wounded, visible.",Generic / cross-system,2026-09-23,targeting restriction target condition; legal target targeting & visibility target legality
WG-0145,Closest target,Targeting & visibility,Target priority,A restriction or preference requiring selection of the nearest legal target.,Constrains target choice,distance,,Generic/common,2026-09-23,closest target nearest enemy; nearest model targeting & visibility target priority
WG-0146,Target priority,Targeting & visibility,Target priority,Rules determining which targets must or may be selected before others.,Constrains targeting,ordered criteria,,Generic design term,2026-09-23,target priority priority target; threat priority targeting & visibility target priority
WG-0147,Lock-on,Targeting & visibility,Targeting aid,A rule or resource that improves attacks against designated targets or bypasses penalties.,Accuracy/support mechanic,token/trait/modifier,,Generic/common,2026-09-23,lock-on target lock; lock on targeting & visibility targeting aid
WG-0148,Aim,Targeting & visibility,Accuracy action,Spend an action or resource to improve a later attack.,Converts tempo into accuracy,token/reroll/modifier,,Generic / cross-system,2026-09-23,aim aim action; aim token; aimed shot targeting & visibility accuracy action
WG-0149,Observation,Targeting & visibility,Target acquisition,A state or token representing a target being spotted for later attacks.,Supports indirect/accurate fire,token/state,,Generic/common,2026-09-23,observation spot; observe; spotter targeting & visibility target acquisition
WG-0150,Spotter,Targeting & visibility,Support role,A model or rule that enables or improves attacks by another weapon/unit.,Indirect-fire support,unit/ability,,Generic/common,2026-09-23,spotter observer; forward observer targeting & visibility support role
WG-0151,Indirect Fire,Targeting & visibility,Indirect attack,"An attack that can target without normal direct visibility, usually with penalties or spotter rules.",Bypasses LOS,weapon trait,,Generic / cross-system,2026-09-23,indirect fire indirect; indirect attack targeting & visibility indirect attack
WG-0152,Speculative Attack,Targeting & visibility,Indirect attack,"An attack made without normal direct targeting information, usually at reduced accuracy.",Bypasses target information,modifier,,"System-specific label, generic concept",2026-09-23,speculative attack blind fire; indirect guess shot targeting & visibility indirect attack
WG-0153,Arc,Targeting & visibility,Area geometry,"An angular region used to define targeting, movement or scenario effects.",Angular spatial control,degrees,,Generic / cross-system,2026-09-23,arc field of fire; sector targeting & visibility area geometry
WG-0154,Attack,Combat & weapons,Attack,"An offensive action intended to hit, damage or otherwise affect a target.",Core combat action,,,Generic / cross-system,2026-09-23,attack strike; offensive action combat & weapons attack
WG-0155,Melee attack,Combat & weapons,Attack type,An attack made at close-combat distance.,Close combat resolution,,,Generic / cross-system,2026-09-23,melee attack combat attack; close-combat attack combat & weapons attack type
WG-0156,Ranged attack,Combat & weapons,Attack type,An attack made across a distance using a ranged weapon or effect.,Distance combat resolution,,,Generic / cross-system,2026-09-23,ranged attack shooting attack; missile attack combat & weapons attack type
WG-0157,Shoot,Combat & weapons,Attack action,Make one or more ranged attacks with eligible weapons.,Ranged combat action,,,Generic / cross-system,2026-09-23,shoot fire; shooting action combat & weapons attack action
WG-0158,Fire,Combat & weapons,Attack action,"Use a ranged weapon, often as a dedicated no-move order.",Ranged combat action,,,Generic / cross-system,2026-09-23,fire shoot; fire order combat & weapons attack action
WG-0159,Fight,Combat & weapons,Attack action,Resolve close-combat attacks for a model or unit.,Melee combat action,,,Generic / cross-system,2026-09-23,fight melee; combat combat & weapons attack action
WG-0160,Attack pool,Combat & weapons,Attack dice,The collection of dice assembled for one attack before rolling.,Structures multi-die attack,dice pool,,Generic / cross-system,2026-09-23,attack pool dice pool; weapon pool combat & weapons attack dice
WG-0161,Defence pool,Combat & weapons,Defence dice,The collection of dice rolled to resist an attack.,Structures defence roll,dice pool,,Generic / cross-system,2026-09-23,defence pool defense dice pool combat & weapons defence dice
WG-0162,Attacks characteristic,Combat & weapons,Weapon statistic,"The number of attack attempts, shots or strikes generated by a weapon/model.",Sets attack volume,integer/die expression,,Generic / cross-system,2026-09-23,attacks characteristic a; attacks; shots combat & weapons weapon statistic
WG-0163,Rate of Fire,Combat & weapons,Weapon statistic,The number of shots a weapon can produce under stated conditions.,Sets ranged attack volume,integer,May vary when moving versus halted.,Generic / cross-system,2026-09-23,rate of fire rof; shots combat & weapons weapon statistic
WG-0164,Burst,Combat & weapons,Weapon statistic,The number of dice or attack instances produced when using a weapon/equipment profile.,Sets attack volume,integer,,Generic / cross-system,2026-09-23,burst b; burst value combat & weapons weapon statistic
WG-0165,Weapon range,Combat & weapons,Weapon statistic,The distance or distance bands at which a weapon may attack.,Sets reach,inches/cm/bands,,Generic / cross-system,2026-09-23,weapon range range; rng combat & weapons weapon statistic
WG-0166,Accuracy,Combat & weapons,Weapon statistic,A value expressing how likely an attack is to hit.,Sets hit probability,target number/modifier,,Generic/common,2026-09-23,accuracy acc; to-hit value combat & weapons weapon statistic
WG-0167,Ballistic Skill,Combat & weapons,Weapon statistic,A profile or weapon value used to resolve ranged attack accuracy.,Sets hit probability,target number/stat,,Generic / cross-system,2026-09-23,ballistic skill bs; shooting skill combat & weapons weapon statistic
WG-0168,Weapon Skill,Combat & weapons,Weapon statistic,A value used to resolve melee attack accuracy.,Sets melee hit probability,target number/stat,,Generic / cross-system,2026-09-23,weapon skill ws; melee skill combat & weapons weapon statistic
WG-0169,Melee,Combat & weapons,Weapon statistic,A unit's ability to hit in close combat.,Sets melee hit probability,target number/stat,,Generic / cross-system,2026-09-23,melee me; melee value combat & weapons weapon statistic
WG-0170,Ranged,Combat & weapons,Weapon statistic,A unit's ability to hit with ranged attacks.,Sets ranged hit probability,target number/stat,,Generic / cross-system,2026-09-23,ranged ra; ranged value combat & weapons weapon statistic
WG-0171,Quality,Combat & weapons,General combat stat,"A general competence value used for attacks, tests or both.",Unified resolution stat,target number,Some lightweight systems deliberately use one stat for several checks.,Generic / cross-system,2026-09-23,quality skill; q combat & weapons general combat stat
WG-0172,Strength,Combat & weapons,Weapon statistic,A measure of an attack's power used against a defensive value or wound table.,Determines damage/wound chance,integer,,Generic / cross-system,2026-09-23,strength s; attack strength combat & weapons weapon statistic
WG-0173,Power,Combat & weapons,Weapon statistic,A generic measure of offensive or effect magnitude.,Determines attack/effect potency,integer/dice,Do not confuse with spendable Power resources in MCP-style systems.,Generic/common,2026-09-23,power attack power; effect strength combat & weapons weapon statistic
WG-0174,Armour Penetration,Combat & weapons,Weapon statistic,A value reducing or bypassing armour/defence.,Counters armour,integer/modifier,,Generic / cross-system,2026-09-23,armour penetration ap; penetration; pierce combat & weapons weapon statistic
WG-0175,Rend,Combat & weapons,Weapon statistic,A weapon property that worsens the target's defence or armour.,Counters defence,integer/trait,,Generic / cross-system,2026-09-23,rend rending; armour reduction combat & weapons weapon statistic
WG-0176,Anti-Tank,Combat & weapons,Weapon statistic,A value or classification indicating effectiveness against armoured targets.,Vehicle penetration,integer,,Generic / cross-system,2026-09-23,anti-tank at; anti-armour combat & weapons weapon statistic
WG-0177,Firepower,Combat & weapons,Weapon statistic,A value used to convert a damaging hit into destruction or a stronger result.,Damage severity,target number,,Generic / cross-system,2026-09-23,firepower fp; kill rating combat & weapons weapon statistic
WG-0178,Damage,Combat & weapons,Weapon statistic,The amount of harm caused by a successful unsaved attack.,Removes durability,integer/dice,,Generic / cross-system,2026-09-23,damage d; damage value combat & weapons weapon statistic
WG-0179,Damage characteristic,Combat & weapons,Weapon statistic,A profile value specifying damage inflicted by a successful attack.,Quantifies harm,integer/dice,,Generic / cross-system,2026-09-23,damage characteristic d; damage stat combat & weapons weapon statistic
WG-0180,Hit roll,Combat & weapons,Attack resolution,A roll testing whether an attack connects with its target.,Determines attack success,die vs target number,,Generic / cross-system,2026-09-23,hit roll to-hit roll; attack roll combat & weapons attack resolution
WG-0181,Wound roll,Combat & weapons,Attack resolution,A roll testing whether a successful hit causes a wound or penetrates resilience.,Converts hit into harm,die vs comparison,,Generic / cross-system,2026-09-23,wound roll damage roll; injury roll combat & weapons attack resolution
WG-0182,Attack roll,Combat & weapons,Attack resolution,A generic roll used to determine the success or quality of an attack.,Determines offensive success,die/dice pool,,Generic/common,2026-09-23,attack roll combat roll; strike roll combat & weapons attack resolution
WG-0183,Saving throw,Combat & weapons,Defence resolution,A defensive roll that cancels or reduces an incoming successful attack.,Prevents damage,target number/dice pool,,Generic / cross-system,2026-09-23,saving throw save roll; armour save combat & weapons defence resolution
WG-0184,Save,Combat & weapons,Defence statistic,A characteristic or target number used to resist attacks.,Sets defence probability,target number,,Generic / cross-system,2026-09-23,save sv; armour save; defence save combat & weapons defence statistic
WG-0185,Defence,Combat & weapons,Defence statistic,A value representing how difficult a model is to hit or harm.,Resists attacks,target number/dice,,Generic / cross-system,2026-09-23,defence defense; def combat & weapons defence statistic
WG-0186,Armour,Combat & weapons,Defence statistic,A value representing physical protection against damage.,Reduces/blocks damage,integer/target number,,Generic / cross-system,2026-09-23,armour armor; arm combat & weapons defence statistic
WG-0187,Toughness,Combat & weapons,Defence statistic,A value representing resistance to being wounded or damaged.,Opposes attack strength,integer/wounds,,Generic / cross-system,2026-09-23,toughness t; tough combat & weapons defence statistic
WG-0188,Health,Combat & weapons,Durability statistic,A durability value representing how much harm an entity can sustain.,Tracks survival,integer,,Generic / cross-system,2026-09-23,health hp; wounds; stamina combat & weapons durability statistic
WG-0189,Wounds,Combat & weapons,Durability statistic,"A durability value or accumulated injury count, depending on the system.",Tracks survival,integer,"Some games use Wounds as capacity, others as damage markers.",Generic / cross-system,2026-09-23,wounds w; wound capacity combat & weapons durability statistic
WG-0190,Stamina,Combat & weapons,Durability statistic,A character durability value used to determine when it becomes injured or defeated.,Tracks survival,integer,,Generic / cross-system,2026-09-23,stamina health; endurance combat & weapons durability statistic
WG-0191,Structure,Combat & weapons,Durability statistic,A durability layer representing a vehicle or machine's internal integrity.,Tracks vehicle survival,boxes/points,,Generic / cross-system,2026-09-23,structure internal structure; hull combat & weapons durability statistic
WG-0192,Critical Hit,Combat & weapons,Critical result,An especially successful hit triggered by a specified die result or margin.,Creates exceptional attack outcome,die face/margin,,Generic / cross-system,2026-09-23,critical hit crit; natural critical combat & weapons critical result
WG-0193,Critical Wound,Combat & weapons,Critical result,An especially successful wound/damage result with additional effects.,Exceptional damage outcome,die face/margin,,Generic / cross-system,2026-09-23,critical wound critical damage result combat & weapons critical result
WG-0194,Automatic hit,Combat & weapons,Hit rule,An attack that skips or automatically succeeds at the hit step.,Bypasses accuracy roll,trait,,Generic / cross-system,2026-09-23,automatic hit auto-hit; automatically hits combat & weapons hit rule
WG-0195,Automatic wound,Combat & weapons,Damage rule,A hit that bypasses the normal wound/resilience test.,Bypasses wound roll,trait,,Generic / cross-system,2026-09-23,automatic wound auto-wound combat & weapons damage rule
WG-0196,Reroll,Combat & weapons,Dice modification,Roll a die again and use the permitted new result.,Changes probability,die/dice,Rules should state whether rerolls can themselves be rerolled.,Generic / cross-system,2026-09-23,reroll re-roll; reroll die combat & weapons dice modification
WG-0197,Modifier,Combat & weapons,Dice modification,"A numerical change applied to a roll, statistic or result.",Adjusts probability/value,+/- number,,Generic / cross-system,2026-09-23,modifier mod; bonus; penalty combat & weapons dice modification
WG-0198,Unmodified roll,Combat & weapons,Dice modification,The face value rolled before modifiers are applied.,Triggers crits/special rules,die face,,Generic / cross-system,2026-09-23,unmodified roll natural roll; natural result combat & weapons dice modification
WG-0199,Dice pool,Combat & weapons,Resolution method,A group of dice rolled together to count or compare results.,Resolution engine,number/type of dice,,Generic / cross-system,2026-09-23,dice pool pool; attack dice combat & weapons resolution method
WG-0200,Area attack,Combat & weapons,Area effect,An attack able to affect multiple models within an area.,Multi-target damage,radius/template/range,,Generic / cross-system,2026-09-23,area attack area weapon; blast attack combat & weapons area effect
WG-0201,Blast,Combat & weapons,Area effect,A weapon/effect whose impact scales with target density or affects an area.,Multi-target pressure,trait/radius/template,Modern systems may implement Blast without a physical template.,Generic / cross-system,2026-09-23,blast blast weapon; explosion combat & weapons area effect
WG-0202,Blast radius,Combat & weapons,Area effect,The distance from an impact point within which models may be affected.,Defines circular area,inches/cm,,Generic design term,2026-09-23,blast radius aoe radius; explosion radius combat & weapons area effect
WG-0203,AOE,Combat & weapons,Area effect,A defined area in which an attack or ability applies.,Multi-target effect,template/radius,,Generic/common,2026-09-23,aoe area of effect; area template combat & weapons area effect
WG-0204,Template,Combat & weapons,Area effect,A physical or abstract shape placed on the table to determine affected models.,Spatial multi-target tool,shape/template,,Generic / cross-system,2026-09-23,template blast template; flame template; impact template combat & weapons area effect
WG-0205,Direct Template,Combat & weapons,Area effect,A template projected directly from the attacker rather than centred on an impact point.,Directional multi-target attack,template,,"System-specific term, generic concept",2026-09-23,direct template flame template; direct template weapon combat & weapons area effect
WG-0206,Impact Template,Combat & weapons,Area effect,A template placed at the attack's impact point.,Impact-centred area attack,template,,"System-specific term, generic concept",2026-09-23,impact template blast template; impact aoe combat & weapons area effect
WG-0207,Beam,Combat & weapons,Area effect,An attack traced along a line that can affect multiple targets it crosses.,Line-shaped multi-target attack,line/range,,Generic / cross-system,2026-09-23,beam line attack; beam x combat & weapons area effect
WG-0208,Spray,Combat & weapons,Area effect,"A short directional area attack, often represented by a cone or special template.",Cone-shaped attack,template/cone,,Generic/common,2026-09-23,spray cone; spray attack combat & weapons area effect
WG-0209,Pulse,Combat & weapons,Area effect,An effect applying around a source within a radius.,Radial multi-target effect,radius,,Generic/common,2026-09-23,pulse aura attack; radial effect combat & weapons area effect
WG-0210,Aura,Combat & weapons,Area effect,A persistent effect applying within a radius around a source.,Local persistent modifier,radius,,Generic / cross-system,2026-09-23,aura aura range; aura effect combat & weapons area effect
WG-0211,Scatter,Combat & weapons,Area effect,Randomly move an intended impact point or object when accuracy is imperfect.,Models inaccuracy,die/direction/distance,,Generic/common,2026-09-23,scatter deviation; drift combat & weapons area effect
WG-0212,Deviation,Combat & weapons,Area effect,The distance/direction an impact moves away from its intended point.,Models inaccuracy,distance/direction,,Generic/common,2026-09-23,deviation scatter; drift combat & weapons area effect
WG-0213,Damage point,Damage & morale,Damage tracking,A single unit of harm allocated to a target.,Tracks accumulated harm,integer,,Generic / cross-system,2026-09-23,damage point wound point; harm point damage & morale damage tracking
WG-0214,Damage pool,Damage & morale,Damage tracking,A temporary collection of damage waiting to be allocated or resolved.,Orders damage allocation,integer pool,,Generic / cross-system,2026-09-23,damage pool pending damage; wound pool damage & morale damage tracking
WG-0215,Allocate damage,Damage & morale,Damage tracking,Assign pending damage to a legal model/unit according to the game's rules.,Maps harm to pieces,,,Generic / cross-system,2026-09-23,allocate damage assign damage; allocate wounds damage & morale damage tracking
WG-0216,Wounded,Damage & morale,Damage state,A model or unit has lost some durability but remains in play.,Tracks partial injury,state,,Generic / cross-system,2026-09-23,wounded damaged; injured damage & morale damage state
WG-0217,Damaged,Damage & morale,Damage state,A model or unit currently has unresolved or persistent damage allocated.,Tracks partial injury,state,,Generic / cross-system,2026-09-23,damaged wounded; injured damage & morale damage state
WG-0218,Injured,Damage & morale,Damage state,A degraded state entered after crossing a damage threshold.,Changes profile/state,state,,Generic / cross-system,2026-09-23,injured wounded side; damaged state damage & morale damage state
WG-0219,Destroyed,Damage & morale,Defeat state,"A model, unit or object has been eliminated by damage or rules.",Removes game piece,state,,Generic / cross-system,2026-09-23,destroyed defeated; removed; slain damage & morale defeat state
WG-0220,Defeated,Damage & morale,Defeat state,A miniature or unit has been removed from effective play.,Removes game piece,state,,Generic / cross-system,2026-09-23,defeated destroyed; eliminated damage & morale defeat state
WG-0221,Slain,Damage & morale,Defeat state,A model is removed after reaching its damage threshold.,Removes model,state,,Generic / cross-system,2026-09-23,slain killed; destroyed damage & morale defeat state
WG-0222,KO,Damage & morale,Defeat state,A character is knocked out or removed after suffering sufficient damage.,Character defeat,state,,Generic / cross-system,2026-09-23,ko knocked out; knocked out state damage & morale defeat state
WG-0223,Dazed,Damage & morale,Damage state,A character crosses a first defeat threshold and changes to an injured state instead of leaving play.,Mid-game degradation,state,,Generic / cross-system,2026-09-23,dazed injured; flipped damage & morale damage state
WG-0224,Mortal damage,Damage & morale,Damage type,Damage that bypasses part or all of the normal defence sequence.,Bypasses normal defence,integer,,Generic / cross-system,2026-09-23,mortal damage mortal wound; direct damage damage & morale damage type
WG-0225,Damage reduction,Damage & morale,Mitigation,Reduce incoming damage by a fixed or variable amount.,Mitigates harm,integer,,Generic/common,2026-09-23,damage reduction reduce damage; armour reduction damage & morale mitigation
WG-0226,Damage prevention,Damage & morale,Mitigation,A separate chance or rule that cancels damage after another defence step.,Secondary defence,target number/dice,,Generic / cross-system,2026-09-23,damage prevention ignore wound; ward; feel no pain damage & morale mitigation
WG-0227,Ward,Damage & morale,Mitigation,A secondary protection roll used to ignore incoming damage or wounds.,Secondary defence,target number,,"System-specific label, generic concept",2026-09-23,ward ward save; after-save damage & morale mitigation
WG-0228,Feel No Pain,Damage & morale,Mitigation,A post-damage roll that prevents individual wounds from being lost.,Secondary defence,target number,,"System-specific label, generic concept",2026-09-23,feel no pain ignore wound; damage ignore damage & morale mitigation
WG-0229,Regeneration,Damage & morale,Mitigation,A rule allowing wounds/damage to be ignored or recovered.,Durability recovery/prevention,target number/rate,,Generic / cross-system,2026-09-23,regeneration regen; heal save damage & morale mitigation
WG-0230,Heal,Damage & morale,Recovery,Remove damage or restore lost durability.,Repairs units,integer,,Generic / cross-system,2026-09-23,heal healing; restore damage & morale recovery
WG-0231,Repair,Damage & morale,Recovery,"Restore damage to a vehicle, construct or equipment.",Repairs mechanical units,integer,,Generic/common,2026-09-23,repair restore structure; fix damage & morale recovery
WG-0232,Morale,Damage & morale,Morale,A measure of a unit's willingness to continue fighting under pressure.,Resolves fear/suppression,target number/stat,,Generic / cross-system,2026-09-23,morale morale value; courage damage & morale morale
WG-0233,Nerve,Damage & morale,Morale,"A unit's resilience to casualties and battlefield pressure, often tested after damage.",Determines wavering/routing,value/threshold,,Generic / cross-system,2026-09-23,nerve morale; rout threshold damage & morale morale
WG-0234,Resolve stat,Damage & morale,Morale,A characteristic expressing psychological resistance or willingness to fight.,Resists morale effects,stat,,Generic/common,2026-09-23,resolve stat morale; willpower; resolve damage & morale morale
WG-0235,Leadership,Damage & morale,Morale,"A characteristic used for morale, battle-shock, command or discipline tests.",Resists morale failure,target number/stat,,Generic / cross-system,2026-09-23,leadership ld; command; morale damage & morale morale
WG-0236,Suppression,Damage & morale,Suppression,Accumulated battlefield pressure reducing a unit's effectiveness or actions.,Soft damage / action penalty,tokens/value,,Generic / cross-system,2026-09-23,suppression suppression tokens; suppressed damage & morale suppression
WG-0237,Pin,Damage & morale,Suppression,A marker/value representing fire pressure and reduced willingness or ability to act.,Soft damage / morale penalty,tokens,,Generic / cross-system,2026-09-23,pin pin marker; pinned damage & morale suppression
WG-0238,Pinned,Damage & morale,Suppression state,"A unit is under enough pressure to suffer penalties, tests or restricted actions.",Degraded action state,state,,Generic / cross-system,2026-09-23,pinned suppressed; pinned down damage & morale suppression state
WG-0239,Battle-shocked,Damage & morale,Morale state,A temporary morale failure reducing a unit's effectiveness or scoring.,Degraded morale state,state,,Generic / cross-system,2026-09-23,battle-shocked shaken; morale-broken damage & morale morale state
WG-0240,Panicked,Damage & morale,Morale state,"A severe morale state that may remove actions, force movement or destroy the unit.",Severe morale failure,state,,Generic / cross-system,2026-09-23,panicked panic; broken damage & morale morale state
WG-0241,Rally,Damage & morale,Morale recovery,"An action/order used to remove suppression, pins or morale penalties.",Converts action into recovery,action/test,,Generic / cross-system,2026-09-23,rally recover morale; rally order damage & morale morale recovery
WG-0242,Wavered,Damage & morale,Morale state,A unit remains on the battlefield but has restricted actions after a morale failure.,Temporary degraded state,state,,Generic / cross-system,2026-09-23,wavered shaken; disordered damage & morale morale state
WG-0243,Routed,Damage & morale,Morale state,A unit fails morale badly enough to flee or be removed.,Morale defeat,state,,Generic / cross-system,2026-09-23,routed broken; fled damage & morale morale state
WG-0244,Stunned,Damage & morale,Condition,"A temporary condition restricting actions, defence or movement.",Action denial/control,state/token,,Generic / cross-system,2026-09-23,stunned stun; stunned state damage & morale condition
WG-0245,Staggered,Damage & morale,Condition,A condition that hampers action efficiency or movement.,Action/mobility penalty,state/token,,Generic / cross-system,2026-09-23,staggered stagger; slowed damage & morale condition
WG-0246,Immobilised,Damage & morale,Condition,A model cannot move normally until the condition is removed.,Movement denial,state/token,,Generic / cross-system,2026-09-23,immobilised immobilized; rooted damage & morale condition
WG-0247,Prone,Damage & morale,Condition,A model is lying down or treated as having reduced height/profile with related effects.,Posture state,state,,Generic / cross-system,2026-09-23,prone down; prone state damage & morale condition
WG-0248,Engaged,Damage & morale,Combat state,A model/unit is in close-combat contact or range with an enemy.,Changes legal actions,state,,Generic / cross-system,2026-09-23,engaged in melee; locked in combat damage & morale combat state
WG-0249,Poison,Damage & morale,Condition/effect,A persistent or weapon-linked effect causing damage or degrading defence over time.,Ongoing harm / anti-heal,token/trait,,Generic / cross-system,2026-09-23,poison poisoned; toxin damage & morale condition/effect
WG-0250,Burning,Damage & morale,Condition/effect,A persistent fire condition causing later damage or penalties.,Ongoing harm,token/value,,Generic/common,2026-09-23,burning fire; aflame damage & morale condition/effect
WG-0251,Bleeding,Damage & morale,Condition/effect,A persistent injury effect causing later damage or penalties.,Ongoing harm,token/value,,Generic design term,2026-09-23,bleeding bleed; bleeding token damage & morale condition/effect
WG-0252,Terrain,Terrain & battlefield,Terrain,"Physical or abstract battlefield features that affect movement, visibility or combat.",Shapes tactical space,,,Generic / cross-system,2026-09-23,terrain scenery; battlefield terrain terrain & battlefield terrain
WG-0253,Terrain feature,Terrain & battlefield,Terrain object,An individual battlefield object or defined terrain area.,Discrete terrain rules object,,,Generic / cross-system,2026-09-23,terrain feature scenery piece terrain & battlefield terrain object
WG-0254,Area terrain,Terrain & battlefield,Terrain type,A defined footprint representing terrain whose rules apply within its area.,Area-based terrain,area/footprint,,Generic / cross-system,2026-09-23,area terrain terrain area; footprint terrain terrain & battlefield terrain type
WG-0255,Scatter terrain,Terrain & battlefield,Terrain type,Small individual terrain pieces placed around the battlefield.,Local obstacle/cover,,,Generic / cross-system,2026-09-23,scatter terrain small terrain; scatter piece terrain & battlefield terrain type
WG-0256,Obstacle,Terrain & battlefield,Terrain type,A terrain piece that interferes with movement and/or provides cover.,Movement/cover constraint,,,Generic / cross-system,2026-09-23,obstacle linear obstacle; barrier terrain & battlefield terrain type
WG-0257,Difficult terrain,Terrain & battlefield,Terrain property,"Terrain that slows, tests or otherwise penalises movement.",Movement friction,movement penalty/test,,Generic / cross-system,2026-09-23,difficult terrain rough terrain; severe terrain terrain & battlefield terrain property
WG-0258,Severe terrain,Terrain & battlefield,Terrain property,A stronger movement-penalty category than normal difficult terrain.,Heavy movement friction,penalty,,Generic/common,2026-09-23,severe terrain very difficult terrain; rough terrain & battlefield terrain property
WG-0259,Impassable,Terrain & battlefield,Terrain property,Terrain that cannot normally be entered or crossed.,Hard movement boundary,boolean,,Generic / cross-system,2026-09-23,impassable blocked; impassable terrain terrain & battlefield terrain property
WG-0260,Hazardous,Terrain & battlefield,Terrain property,Terrain that risks causing damage or conditions when entered or crossed.,Movement risk,test/damage,,Generic / cross-system,2026-09-23,hazardous dangerous terrain; hazardous terrain terrain & battlefield terrain property
WG-0261,Open ground,Terrain & battlefield,Terrain type,Terrain with few or no movement/cover penalties.,Baseline terrain,,,Generic/common,2026-09-23,open ground open terrain; clear ground terrain & battlefield terrain type
WG-0262,Road,Terrain & battlefield,Terrain type,A terrain feature improving movement for some units.,Mobility bonus,,,Generic / cross-system,2026-09-23,road road terrain terrain & battlefield terrain type
WG-0263,Elevation,Terrain & battlefield,Verticality,The vertical position of a model or terrain piece relative to the battlefield.,Affects LOS/movement,,,Generic/common,2026-09-23,elevation height level; elevated position terrain & battlefield verticality
WG-0264,High ground,Terrain & battlefield,Verticality,"A higher position that may grant visibility, range or combat benefits.",Positional advantage,,,Generic design term,2026-09-23,high ground elevated; height advantage terrain & battlefield verticality
WG-0265,Building,Terrain & battlefield,Structure,"A constructed terrain feature with walls, openings and possibly interior rules.",Complex terrain,,,Generic / cross-system,2026-09-23,building structure; scenery structure terrain & battlefield structure
WG-0266,Doorway,Terrain & battlefield,Access,An opening through terrain whose width may restrict movement.,Movement access,width,,Generic / cross-system,2026-09-23,doorway access point; gate terrain & battlefield access
WG-0267,Access Width,Terrain & battlefield,Access,A classification controlling which model sizes can pass through an opening.,Size-based movement filter,category,,"System-specific term, generic concept",2026-09-23,access width aw; narrow/wide access terrain & battlefield access
WG-0268,Destructible terrain,Terrain & battlefield,Terrain property,"Terrain that can be damaged, removed or changed during play.",Dynamic battlefield,durability/profile,,Generic / cross-system,2026-09-23,destructible terrain destroyable terrain terrain & battlefield terrain property
WG-0269,Cover terrain,Terrain & battlefield,Terrain property,Terrain that grants defensive cover under stated conditions.,Defensive positioning,,,Generic / cross-system,2026-09-23,cover terrain cover-providing terrain terrain & battlefield terrain property
WG-0270,Blocking terrain,Terrain & battlefield,Terrain property,Terrain that blocks line of sight or line of fire.,Visibility boundary,,,Generic / cross-system,2026-09-23,blocking terrain los-blocking; opaque terrain terrain & battlefield terrain property
WG-0271,Concealing terrain,Terrain & battlefield,Terrain property,Terrain that makes targets harder to see/hit without fully blocking LOS.,Visibility penalty,,,Generic / cross-system,2026-09-23,concealing terrain concealment terrain terrain & battlefield terrain property
WG-0272,Objective,Objectives & scoring,Objective,"A battlefield location, object or condition that contributes to winning.",Creates non-kill goals,,,Generic / cross-system,2026-09-23,objective mission objective; objective marker objectives & scoring objective
WG-0273,Objective marker,Objectives & scoring,Objective object,A physical marker representing an objective location or interactable item.,Anchors scoring/interactions,token/base,,Generic / cross-system,2026-09-23,objective marker objective token; objective point objectives & scoring objective object
WG-0274,Objective token,Objectives & scoring,Objective object,"A token representing a scenario objective that may be controlled, carried or interacted with.",Scenario object,token,,Generic / cross-system,2026-09-23,objective token objective marker; asset; civilian objectives & scoring objective object
WG-0275,Secure objective,Objectives & scoring,Objective type,An objective scored by controlling or contesting a location.,Positional scoring,zone/token,,Generic / cross-system,2026-09-23,secure objective hold objective; control point objectives & scoring objective type
WG-0276,Extract objective,Objectives & scoring,Objective type,"An objective that can be picked up, carried or moved by models.",Mobile scoring object,token,,Generic / cross-system,2026-09-23,extract objective carry objective; pickup objectives & scoring objective type
WG-0277,Control,Objectives & scoring,Control,Have sufficient presence or value at an objective to claim it.,Determines scoring ownership,comparison,,Generic / cross-system,2026-09-23,control hold; dominate objectives & scoring control
WG-0278,Contest,Objectives & scoring,Control,Have presence at an objective that prevents or competes with enemy control.,Denies/competes for scoring,comparison,,Generic / cross-system,2026-09-23,contest contesting; challenge control objectives & scoring control
WG-0279,Control score,Objectives & scoring,Control value,A summed value used to compare which side controls an objective.,Quantifies board control,integer,,Generic / cross-system,2026-09-23,control score objective control; oc total objectives & scoring control value
WG-0280,Objective Control,Objectives & scoring,Control value,A model characteristic representing its contribution to holding objectives.,Quantifies scoring presence,integer,,Generic / cross-system,2026-09-23,objective control oc; control characteristic objectives & scoring control value
WG-0281,Claim,Objectives & scoring,Objective interaction,Take possession or control of an objective/token.,Changes objective ownership/state,,,Generic / cross-system,2026-09-23,claim claim objective; pick up objectives & scoring objective interaction
WG-0282,Secure,Objectives & scoring,Objective interaction,Establish or maintain control of an objective according to scenario rules.,Changes scoring state,,,Generic / cross-system,2026-09-23,secure secure objective; hold objectives & scoring objective interaction
WG-0283,Interact,Objectives & scoring,Objective interaction,"Perform a non-attack action on an objective, marker, terrain element or scenario object.",Scenario action,action/cost,,Generic / cross-system,2026-09-23,interact interaction action; use objective objectives & scoring objective interaction
WG-0284,Score,Objectives & scoring,Scoring,Gain points for meeting scenario conditions.,Progresses victory,points,,Generic / cross-system,2026-09-23,score score points; scoring objectives & scoring scoring
WG-0285,Victory Point,Objectives & scoring,Scoring,A numeric point used to determine the winner.,Victory metric,integer,,Generic / cross-system,2026-09-23,victory point vp; victory points objectives & scoring scoring
WG-0286,Secondary objective,Objectives & scoring,Scoring,An additional scoring goal separate from the main mission objective.,Diversifies scoring,points/condition,,Generic / cross-system,2026-09-23,secondary objective side objective; secondary objectives & scoring scoring
WG-0287,Primary objective,Objectives & scoring,Scoring,The main scenario scoring goal.,Core victory path,points/condition,,Generic/common,2026-09-23,primary objective main objective; primary objectives & scoring scoring
WG-0288,Scenario,Objectives & scoring,Scenario,"The rules setup defining battlefield, deployment, objectives, scoring and special conditions.",Frames a game,,,Generic / cross-system,2026-09-23,scenario mission; encounter; battleplan objectives & scoring scenario
WG-0289,Mission,Objectives & scoring,Scenario,A game setup with defined objectives and victory conditions.,Frames a game,,,Generic / cross-system,2026-09-23,mission scenario; operation objectives & scoring scenario
WG-0290,Battleplan,Objectives & scoring,Scenario,Age of Sigmar-style term for a complete scenario setup.,Frames a game,,,"System-specific label, generic concept",2026-09-23,battleplan scenario; mission objectives & scoring scenario
WG-0291,Encounter,Objectives & scoring,Scenario,"A structured game setup including deployment, strategy and scheme/objective information.",Frames a game,,,"System-specific label, generic concept",2026-09-23,encounter scenario; game setup objectives & scoring scenario
WG-0292,Victory condition,Objectives & scoring,Victory,The rule determining how a winner is established.,Ends/judges the game,condition,,Generic / cross-system,2026-09-23,victory condition win condition objectives & scoring victory
WG-0293,Tiebreaker,Objectives & scoring,Victory,A secondary comparison used when primary scores are equal.,Resolves ties,ordered criterion,,Generic/common,2026-09-23,tiebreaker tie-break; secondary scoring objectives & scoring victory
WG-0294,Deployment,Deployment & army building,Deployment,Place starting forces on or off the battlefield before normal play.,Initial positioning,,,Generic / cross-system,2026-09-23,deployment set up; deploy deployment & army building deployment
WG-0295,Deployment zone,Deployment & army building,Deployment,The area where a side may normally deploy units.,Initial spatial constraint,area,,Generic / cross-system,2026-09-23,deployment zone starting zone; dz deployment & army building deployment
WG-0296,Set up,Deployment & army building,Placement verb,Place a model/unit onto the battlefield according to stated restrictions.,Rules placement,,,Generic / cross-system,2026-09-23,set up place; deploy deployment & army building placement verb
WG-0297,Reserve,Deployment & army building,Reserve,A unit kept off the battlefield to enter later.,Delayed deployment,state/off-table,,Generic / cross-system,2026-09-23,reserve reserves; off-table reserve deployment & army building reserve
WG-0298,Reinforcement,Deployment & army building,Reserve,A unit or model entering play after the initial deployment.,Adds forces later,unit/model,,Generic/common,2026-09-23,reinforcement reinforcements; reserve arrival deployment & army building reserve
WG-0299,Undeployed,Deployment & army building,Reserve state,A unit has not yet entered the battlefield.,Tracks reserve state,state,,Generic / cross-system,2026-09-23,undeployed off-table; not deployed deployment & army building reserve state
WG-0300,Army,Deployment & army building,Force,The complete set of units a player brings to a game.,Player's force,,,Generic / cross-system,2026-09-23,army force; faction force deployment & army building force
WG-0301,Army list,Deployment & army building,List building,"The selected units, upgrades and costs forming a player's force.",Defines force composition,,,Generic / cross-system,2026-09-23,army list roster; force list deployment & army building list building
WG-0302,Roster,Deployment & army building,List building,A formal list of models/units and options available for a game or event.,Defines available force,,,Generic / cross-system,2026-09-23,roster army list; squad list deployment & army building list building
WG-0303,Points,Deployment & army building,List building,A numeric cost system used to balance army composition.,Budgets force selection,integer,,Generic / cross-system,2026-09-23,points points cost; army points deployment & army building list building
WG-0304,Cost value,Deployment & army building,List building,"The list-building value paid to include a unit, model or upgrade.",Balances selection,integer,,Generic / cross-system,2026-09-23,cost value points cost; threat; requisition deployment & army building list building
WG-0305,Threat,Deployment & army building,List building,A scenario or character-cost value used to set force size.,Balances team size,integer,,"System-specific label, generic concept",2026-09-23,threat threat level; roster cost deployment & army building list building
WG-0306,Faction,Deployment & army building,Identity,A rules identity grouping units into a force family.,List-building/rules hook,keyword/category,,Generic / cross-system,2026-09-23,faction army; affiliation deployment & army building identity
WG-0307,Affiliation,Deployment & army building,Identity,A group identity used for list-building and synergy rules.,List-building/rules hook,keyword/category,,Generic / cross-system,2026-09-23,affiliation faction; team deployment & army building identity
WG-0308,Unit type,Deployment & army building,Classification,A categorical classification affecting rules interactions and list roles.,Rules hook,keyword/category,,Generic / cross-system,2026-09-23,unit type trooper type; model type deployment & army building classification
WG-0309,Rank,Deployment & army building,Classification,A list-building category defining a unit's organisational role and limits.,Force composition constraint,category,,Generic / cross-system,2026-09-23,rank role; battlefield role deployment & army building classification
WG-0310,Role,Deployment & army building,Classification,A category used to organise force selection or communicate intended function.,Force composition/design signal,category,,Generic design term,2026-09-23,role battlefield role; slot deployment & army building classification
WG-0311,Upgrade,Deployment & army building,Upgrade,An optional addition that changes a model/unit's rules or statistics.,Customises units,card/points,,Generic / cross-system,2026-09-23,upgrade equipment card; option deployment & army building upgrade
WG-0312,Equipment,Deployment & army building,Equipment,"A weapon, device or item carried by a model and represented in its rules.",Adds capabilities,,,Generic / cross-system,2026-09-23,equipment gear; wargear; item deployment & army building equipment
WG-0313,Loadout,Deployment & army building,Equipment,The selected combination of weapons and equipment for a unit/model.,Customises profile,,,Generic/common,2026-09-23,loadout equipment loadout; weapon option deployment & army building equipment
WG-0314,Weapon,Deployment & army building,Equipment,An item/profile used to make attacks.,Provides attack options,,,Generic / cross-system,2026-09-23,weapon armament; attack profile deployment & army building equipment
WG-0315,Unique,Deployment & army building,Limit,A list-building restriction allowing only one copy of something.,Caps duplication,boolean,,Generic / cross-system,2026-09-23,unique unique unit; one-of deployment & army building limit
WG-0316,Limited,Deployment & army building,Limit,A rule restricting the number of copies or uses of an item/unit.,Caps duplication/usage,integer,,Generic / cross-system,2026-09-23,limited limited x; copy limit deployment & army building limit
WG-0317,Attachment,Deployment & army building,Unit relation,A model/unit is joined to another unit for some rules purposes.,Combines units,,,Generic / cross-system,2026-09-23,attachment attached unit; bodyguard; join deployment & army building unit relation
WG-0318,Bodyguard,Deployment & army building,Unit relation,A unit that accompanies/protects a leader and may form a combined unit.,Leader support,,,Generic / cross-system,2026-09-23,bodyguard retinue; attached unit deployment & army building unit relation
WG-0319,Transport,Deployment & army building,Transport,A unit capable of carrying other models/units.,Mobility/protection system,capacity,,Generic / cross-system,2026-09-23,transport vehicle transport; carrier deployment & army building transport
WG-0320,Embarked,Deployment & army building,Transport state,A unit is carried inside/on a transport and is not positioned normally on the battlefield.,Transport state,state,,Generic / cross-system,2026-09-23,embarked inside transport; mounted deployment & army building transport state
WG-0321,Disembark,Deployment & army building,Transport action,Move a carried unit out of a transport onto the battlefield.,Transport transition,distance/action,,Generic / cross-system,2026-09-23,disembark exit transport; deploy from transport deployment & army building transport action
WG-0322,Command point,Deployment & army building,Resource,A spendable player resource used to activate command abilities or stratagem-like effects.,Strategic resource,integer,,Generic / cross-system,2026-09-23,command point cp; command resource deployment & army building resource
WG-0323,Power resource,Deployment & army building,Resource,"A spendable model resource used to pay for superpowers, abilities or effects.",Local action resource,integer,,Generic / cross-system,2026-09-23,power resource energy; power points deployment & army building resource
WG-0324,Token,Deployment & army building,Component,"A small component used to record a temporary state, resource or objective.",External state tracking,physical/digital token,,Generic / cross-system,2026-09-23,token counter; marker token deployment & army building component
WG-0325,Marker,Deployment & army building,Component,"A tabletop marker representing a location, object, state or game effect.",External state/spatial object,physical marker,,Generic / cross-system,2026-09-23,marker counter; objective marker; state marker deployment & army building component
WG-0326,State,Deployment & army building,State,A named rules condition affecting a model or game element.,Encodes persistent game state,named state,,Generic / cross-system,2026-09-23,state condition; status deployment & army building state
WG-0327,Roll,Resolution & tests,Randomisation,Generate a random result using one or more dice.,Core randomiser,die/dice,,Generic / cross-system,2026-09-23,roll dice roll; check resolution & tests randomisation
WG-0328,Test,Resolution & tests,Test,Compare a random result plus/minus modifiers to a target or characteristic.,Resolves uncertain action,die vs target,,Generic/common,2026-09-23,test check; skill test resolution & tests test
WG-0329,Order Test,Resolution & tests,Test,A test determining whether a unit obeys an order under pressure.,Gates activation,2D6/stat or similar,,Generic / cross-system,2026-09-23,order test command test; morale order check resolution & tests test
WG-0330,Target Number,Resolution & tests,Test,The number a roll must meet or beat to succeed.,Sets difficulty,integer,,Generic / cross-system,2026-09-23,target number tn; difficulty resolution & tests test
WG-0331,Opposed roll,Resolution & tests,Contest,Both sides roll or generate values and compare results.,Resolves direct contests,two rolls/totals,,Generic / cross-system,2026-09-23,opposed roll opposed test; contested roll; duel resolution & tests contest
WG-0332,Simple duel,Resolution & tests,Test,A roll against a fixed target rather than an opponent's roll.,Resolves static challenge,roll vs TN,,"System-specific label, generic concept",2026-09-23,simple duel unopposed test; static test resolution & tests test
WG-0333,Opposed duel,Resolution & tests,Contest,A roll where initiator and defender both generate totals and compare them.,Resolves direct conflict,two totals,,"System-specific label, generic concept",2026-09-23,opposed duel contested duel; opposed test resolution & tests contest
WG-0334,Face-to-face roll,Resolution & tests,Contest,An opposed roll where success is determined by directly comparing dice/results.,Resolves reactions/conflict,dice comparison,,"System-specific label, generic concept",2026-09-23,face-to-face roll opposed roll; ftf resolution & tests contest
WG-0335,Success,Resolution & tests,Outcome,A roll or test meets its required condition.,Positive result,boolean/count,,Generic / cross-system,2026-09-23,success pass; hit resolution & tests outcome
WG-0336,Failure,Resolution & tests,Outcome,A roll or test does not meet its required condition.,Negative result,boolean/count,,Generic / cross-system,2026-09-23,failure fail; miss resolution & tests outcome
WG-0337,Margin of success,Resolution & tests,Outcome quality,The amount by which a successful result exceeds its target/opponent.,Grades outcome,integer difference,,Generic design term,2026-09-23,margin of success success margin; degree of success resolution & tests outcome quality
WG-0338,Raise,Resolution & tests,Outcome quality,A discrete extra success earned by exceeding a target/opponent by a defined amount.,Grades outcome,integer count,,"System-specific label, generic concept",2026-09-23,raise degree; margin threshold resolution & tests outcome quality
WG-0339,D6,Resolution & tests,Dice notation,A six-sided die.,Randomiser,1–6,,Generic / cross-system,2026-09-23,d6 six-sided die resolution & tests dice notation
WG-0340,D3,Resolution & tests,Dice notation,"A three-result random value, often generated from a D6.",Randomiser,1–3,,Generic / cross-system,2026-09-23,d3 three-result die; d6/2 resolution & tests dice notation
WG-0341,2D6,Resolution & tests,Dice notation,Roll two six-sided dice and usually add them.,Bell-curve randomiser,2–12,,Generic / cross-system,2026-09-23,2d6 two six-sided dice resolution & tests dice notation
WG-0342,Die result,Resolution & tests,Dice result,The numeric or symbolic face produced by a die.,Raw random output,number/symbol,,Generic / cross-system,2026-09-23,die result face value; result resolution & tests dice result
WG-0343,Success symbol,Resolution & tests,Dice result,A symbolic die face counted as a success under a dice-pool system.,Pool resolution,symbol/count,,Generic / cross-system,2026-09-23,success symbol hit; block; surge; crit resolution & tests dice result
WG-0344,Critical,Resolution & tests,Dice result,A special high-value result that triggers enhanced effects.,Exceptional outcome,symbol/value,,Generic / cross-system,2026-09-23,critical crit; critical result resolution & tests dice result
WG-0345,Surge,Resolution & tests,Dice result,A special die symbol that can convert into another result under a rule.,Conditional dice result,symbol,,"System-specific label, generic concept",2026-09-23,surge surge result; conversion result resolution & tests dice result
WG-0346,Block,Resolution & tests,Dice result,A defensive die result that cancels an incoming hit/effect.,Defence success,symbol/count,,Generic / cross-system,2026-09-23,block block result; defence success resolution & tests dice result
WG-0347,Roll-off,Resolution & tests,Random priority,Both players roll and compare to determine priority or a random choice.,Breaks ties/sets initiative,dice,,Generic/common,2026-09-23,roll-off opposed single roll; tie roll resolution & tests random priority
WG-0348,Random table,Resolution & tests,Randomisation,A table that converts a die result into one of several outcomes.,Generates varied events,die -> result,,Generic design term,2026-09-23,random table chart; lookup table resolution & tests randomisation
WG-0349,Blast X,Special effect families,Weapon tag,"A parameterised blast effect where X controls number, size or scaling.",Compact area-effect keyword,integer parameter,"Parameter semantics vary by ruleset. In Warhammer 40,000 11th edition, X controls additional attack dice per five models in the target unit; do not assume the same formula in other games.",Generic/common,2026-09-23,blast x blast(x); blast value special effect families weapon tag
WG-0350,Deadly X,Special effect families,Weapon tag,A parameterised weapon rule increasing damage or wounds caused by a successful hit.,High-damage tag,integer parameter,,Generic/common,2026-09-23,deadly x high damage; multi-damage special effect families weapon tag
WG-0351,Impact X,Special effect families,Weapon/unit tag,A parameterised rule generating extra hits/effects when charging or colliding.,Charge damage,integer parameter,,Generic / cross-system,2026-09-23,impact x charge impact; impact hits special effect families weapon/unit tag
WG-0352,Reliable,Special effect families,Weapon tag,"A weapon rule making attacks unusually dependable, often by fixing or improving the hit value.",Accuracy tag,trait,,Generic / cross-system,2026-09-23,reliable accurate; fixed hit quality special effect families weapon tag
WG-0353,Rending,Special effect families,Weapon tag,A weapon rule that increases armour penetration on specified results.,Conditional penetration,trait,,Generic / cross-system,2026-09-23,rending rend; armour-piercing critical special effect families weapon tag
WG-0354,Poison weapon,Special effect families,Weapon tag,"A weapon rule that interferes with defence, healing or regeneration, or applies poison.",Anti-defence/ongoing effect,trait,,Generic / cross-system,2026-09-23,poison weapon toxic; poison special effect families weapon tag
WG-0355,Sniper,Special effect families,Weapon tag,A weapon rule allowing unusually accurate attacks or selection of specific models.,Precision targeting,trait,,Generic / cross-system,2026-09-23,sniper precision; marksman special effect families weapon tag
WG-0356,Stealth,Special effect families,Defensive tag,A rule making a unit harder to target or hit at range.,Ranged defence,modifier/range threshold,,Generic / cross-system,2026-09-23,stealth hard to target; stealthy special effect families defensive tag
WG-0357,Slow,Special effect families,Mobility tag,A rule reducing a model/unit's movement distances.,Mobility penalty,distance modifier,,Generic / cross-system,2026-09-23,slow slowed; reduced movement special effect families mobility tag
WG-0358,Strider,Special effect families,Mobility tag,A rule allowing a model/unit to ignore some difficult-terrain movement penalties.,Terrain mobility,trait,,Generic / cross-system,2026-09-23,strider terrain walker; ignore difficult terrain special effect families mobility tag
WG-0359,Tough X,Special effect families,Durability tag,A parameterised durability rule requiring multiple wounds/damage before removal.,Extra durability,integer parameter,,Generic / cross-system,2026-09-23,tough x multi-wound; durable special effect families durability tag
WG-0360,Scout,Special effect families,Deployment tag,A rule allowing advanced deployment or a move before normal play.,Deployment mobility,distance/trait,,Generic / cross-system,2026-09-23,scout forward scout; pre-game move special effect families deployment tag
WG-0361,Assault weapon,Special effect families,Weapon tag,A ranged weapon intended to function while its bearer is moving aggressively.,Move-and-fire permission,trait,,"System-specific label, generic concept",2026-09-23,assault weapon mobile fire; assault special effect families weapon tag
WG-0362,Heavy weapon,Special effect families,Weapon tag,A weapon whose effectiveness depends on remaining stationary or suffers movement restrictions.,Movement-fire trade-off,trait/modifier,,Generic / cross-system,2026-09-23,heavy weapon heavy; cumbersome special effect families weapon tag
WG-0363,Pistol,Special effect families,Weapon tag,"A short-ranged sidearm profile commonly associated with officers, crews and close fighting.",Close-range weapon role,trait/range,,Generic / cross-system,2026-09-23,pistol sidearm; pistol weapon special effect families weapon tag
WG-0364,Rapid Fire,Special effect families,Weapon tag,A weapon rule increasing attack volume at closer range.,Range-dependent volume,integer parameter,,Generic / cross-system,2026-09-23,rapid fire rapid fire x; close-range rof special effect families weapon tag
WG-0365,Sustained Hits,Special effect families,Weapon tag,A rule generating additional hits from specified hit results.,Exploding-dice offence,integer parameter,,Generic / cross-system,2026-09-23,sustained hits exploding hits; extra hits special effect families weapon tag
WG-0366,Lethal Hits,Special effect families,Weapon tag,A rule converting specified hit results directly into wounds/damage checks.,Bypasses wound step,trait,,Generic / cross-system,2026-09-23,lethal hits auto-wound hits; lethal special effect families weapon tag
WG-0367,Twin-linked,Special effect families,Weapon tag,A weapon tag granting improved consistency through rerolls or linked-fire behaviour.,Accuracy/damage consistency,trait,,"System-specific label, generic concept",2026-09-23,twin-linked reroll wounds; linked weapons special effect families weapon tag
WG-0368,Limited-use,Special effect families,Resource tag,A weapon/ability can only be used a fixed number of times.,Ammo/resource constraint,integer uses,,Generic / cross-system,2026-09-23,limited-use disposable; once per game; ammo x special effect families resource tag
WG-0369,Disposable,Special effect families,Resource tag,A weapon/equipment trait with a fixed number of available uses.,Ammo tracking,integer uses,,"System-specific label, generic concept",2026-09-23,disposable ammo; limited uses special effect families resource tag
WG-0370,Suppressive Fire,Special effect families,Fire mode,A fire mode focused on controlling an area or punishing enemy movement.,Area denial/reaction,state/mode,,Generic / cross-system,2026-09-23,suppressive fire overwatch; suppression fire special effect families fire mode
WG-0371,Overwatch,Special effect families,Reaction attack,A prepared attack made in response to enemy movement or action.,Reactive fire/area denial,reaction,,Generic/common,2026-09-23,overwatch opportunity fire; reaction fire; ambush fire special effect families reaction attack
WG-0372,Opportunity fire,Special effect families,Reaction attack,Fire triggered by an enemy presenting a target outside normal activation timing.,Reactive fire,reaction,,Generic / cross-system,2026-09-23,opportunity fire reaction fire; overwatch special effect families reaction attack
WG-0373,Covering fire,Special effect families,Support fire,"Fire used to protect movement, deny an area or support another unit rather than only maximise damage.",Area control/support,,,Generic design term,2026-09-23,covering fire support fire; suppressive fire special effect families support fire
WG-0374,Area denial,Special effect families,Control effect,An effect discouraging or preventing enemy entry into a battlefield area.,Spatial control,,,Generic design term,2026-09-23,area denial control zone; threat zone special effect families control effect
WG-0375,Remain Stationary,Movement,Movement mode,"Choose not to move during the movement step, establishing a stationary state for rules that care whether the unit moved.",Trades movement for positional or firing benefits,state / no distance,"A deliberate movement choice, not the same as being immobilised.","System-specific label, generic concept",2026-09-23,remain stationary stationary; hold position movement movement mode
WG-0376,Torrent,Special effect families,Weapon tag,A weapon ability whose attacks automatically hit instead of making a normal hit roll.,Bypasses accuracy resolution,weapon tag,Canonical family: automatic-hit attack.,"System-specific label, generic concept",2026-09-23,torrent auto-hit; automatic-hit weapon special effect families weapon tag
WG-0377,Melta X,Special effect families,Weapon tag,A parameterised close-range weapon ability that increases damage when the target is sufficiently close.,Rewards close-range anti-armour fire,integer parameter,Store the edition with the exact trigger and bonus formula.,System-specific,2026-09-23,melta x melta; close-range damage bonus special effect families weapon tag
WG-0378,Anti-X Y+,Special effect families,Weapon tag,"A parameterised anti-target ability: against a target with keyword X, an unmodified wound result of Y+ becomes a critical wound.",Specialises a weapon against a target class,keyword + target number,Example notation: Anti-Vehicle 4+.,System-specific but reusable pattern,2026-09-23,anti-x y+ anti-keyword x+; anti-keyword special effect families weapon tag
WG-0379,Devastating Wounds,Special effect families,Weapon tag,A weapon ability that converts critical wounds into a special save-bypassing damage procedure.,Makes critical wounds unusually damaging,weapon tag,Edition-sensitive. Keep the detailed damage procedure tied to the cited rules version.,System-specific,2026-09-23,devastating wounds dev wounds; critical-wound damage special effect families weapon tag
WG-0380,Cleave X,Special effect families,Weapon tag,A parameterised melee ability that adds attack dice against larger target units when its targeting condition is met.,Scales melee attack volume against massed targets,integer parameter,"The word cleave has other meanings in other games, so retain provenance.",System-specific,2026-09-23,cleave x cleave; sweep attack special effect families weapon tag
WG-0381,Down,Damage & morale,Defensive order,A defensive order in which a unit does not move or fire and gains an immediate defensive benefit.,Trades action economy for protection,order / state,Do not merge with Prone: they can look similar fictionally but are different rules mechanisms.,System-specific,2026-09-23,down down order; go down damage & morale defensive order
WG-0382,Penetration,Combat & weapons,Weapon statistic,A weapon value or modifier applied when resolving damage against armoured targets.,Measures anti-armour effectiveness,signed integer / HE-derived value,Keep separate from Armour Penetration when that term modifies a saving throw instead.,"System-specific label, generic concept",2026-09-23,penetration pen.; penetration bonus combat & weapons weapon statistic
WG-0383,Close Quarters Combat,Combat & weapons,Combat procedure,A procedure for resolving combat after opposing models or units come into very close contact.,Resolves close-range fighting,procedure,"Broad concept; initiative, casualties, retreats and follow-up movement vary by ruleset.",Generic term with system-specific procedures,2026-09-23,close quarters combat close quarters; cqc; hand-to-hand combat combat & weapons combat procedure
WG-0384,High Explosive,Combat & weapons,Ammunition / weapon trait,"Explosive ammunition or an attack class whose rules usually model blast, suppression, penetration or effects on positions.",Area/suppression fire and anti-position damage,HE size / template / parameter,Do not infer one universal HE mechanic from the military term.,Generic military term used as rules vocabulary,2026-09-23,high explosive he; high-explosive shot combat & weapons ammunition / weapon trait
WG-0385,Submachine Gun,Combat & weapons,Weapon class,A short-ranged automatic infantry weapon class represented by its own profile or traits.,Defines a close-range weapon family,range / attacks / traits,Mechanical values vary by ruleset.,Generic weapon class,2026-09-23,submachine gun smg; sub-machine gun combat & weapons weapon class
WG-0386,Light Machine Gun,Combat & weapons,Weapon class,A light support machine-gun class represented by its own weapon profile.,Defines a support-fire weapon family,range / attacks / traits,Do not infer a universal shot count from the label.,Generic weapon class,2026-09-23,light machine gun lmg; light mg combat & weapons weapon class
WG-0387,Medium Machine Gun,Combat & weapons,Weapon class,A medium machine-gun class generally representing sustained support fire.,Defines a support-fire weapon family,range / attacks / traits,"Often crew-served, but crew and fixed-weapon rules remain system-specific.",Generic weapon class,2026-09-23,medium machine gun mmg; medium mg combat & weapons weapon class
WG-0388,Heavy Machine Gun,Combat & weapons,Weapon class,"A heavy machine-gun class with greater reach, volume or armour effect than lighter machine guns.",Defines a heavy support-fire weapon family,range / attacks / penetration,Mechanical values vary by period and ruleset.,Generic weapon class,2026-09-23,heavy machine gun hmg; heavy mg combat & weapons weapon class
WG-0389,Control Range,Measurement & spatial,Command range,"A radius around a controller within which subordinate models, resources or abilities can be controlled or used.",Limits command/resource reach,inches / radius,Not the same as Zone of Control: control range usually governs friendly command rather than enemy movement.,"System-specific label, generic concept",2026-09-23,control range ctrl; command radius; control radius measurement & spatial command range
WG-0390,Battlegroup,Deployment & army building,Command grouping,A commander/controller and the subordinate war machines or creatures assigned to it.,Creates a rules-level command relationship,group membership,Useful general concept for subordinate models that remain independent pieces.,"System-specific label, reusable concept",2026-09-23,battlegroup command group; controller group deployment & army building command grouping
WG-0391,Focus Resource,Deployment & army building,Resource,A spendable combat/command resource allocated or used to enhance actions and abilities.,"Powers actions, attacks and effects",integer points,Named Focus here to distinguish it from X-Wing's Focus action/token.,System-specific,2026-09-23,focus resource focus points; focus deployment & army building resource
WG-0392,Fury Resource,Deployment & army building,Resource,A spendable and transferable resource generated and managed through a controller and subordinate creatures.,Powers actions while creating resource-management tension,integer points,Distinct from the everyday-language emotion and from other games' Fury attributes.,System-specific,2026-09-23,fury resource fury points; fury deployment & army building resource
WG-0393,Power Up,Turn structure,Resource generation,An automatic resource-generation step for eligible controlled models.,Supplies action/attack resource without a separate action,resource points,Canonical family: automatic turn-start resource generation.,System-specific,2026-09-23,power up automatic resource; power allocation turn structure resource generation
WG-0394,Upkeep,Turn structure,Persistent effect,"A recurring cost paid to keep an ongoing spell, ability or effect active.",Prices persistent effects over multiple turns,resource cost / turn,Useful generic term beyond WARMACHINE.,Generic concept,2026-09-23,upkeep maintained effect; upkeep cost turn structure persistent effect
WG-0395,Boost Roll,Resolution & tests,Dice modification,"Spend a resource or invoke an effect to improve a roll, commonly by adding an extra die.",Converts resource into higher success probability,resource + die,"Separate semantic record from Boost Manoeuvre, which is movement.",Generic concept with system-specific implementation,2026-09-23,boost roll boosted roll; boost [dice] resolution & tests dice modification
WG-0396,Knockdown,Damage & morale,Condition,"A state representing a model being knocked off its feet, usually restricting actions, movement or defence until it recovers.",Temporary combat control,state / marker,Related to Prone but not automatically synonymous.,Generic concept,2026-09-23,knockdown knocked down; kd damage & morale condition
WG-0397,Basic Attack,Combat & weapons,Attack type,An ordinary attack made without invoking a special-attack procedure.,Baseline attack category,attack,"Useful contrast term for special attacks, power attacks and spell attacks.",Generic concept,2026-09-23,basic attack standard attack; normal attack combat & weapons attack type
WG-0398,Arcane Attack,Combat & weapons,Attack type,An attack resolved using a supernatural or arcane attack characteristic rather than ordinary weapon skill.,Separates magical accuracy from physical attacks,target number / stat,Generic family for magic/psychic attack stats.,"System-specific label, generic concept",2026-09-23,arcane attack magic attack; spell attack combat & weapons attack type
WG-0399,Maintenance Phase,Turn structure,Phase,"A recurring phase for expiring effects, upkeep payments and persistent-state maintenance.",Performs start-of-turn state housekeeping,phase,Generic phase family even where games use a different label.,Generic concept,2026-09-23,maintenance phase upkeep phase; maintenance step turn structure phase
WG-0400,Control Phase,Turn structure,Phase,"A phase in which command resources are generated, recovered, allocated or managed.",Handles commander resource economy,phase,Do not confuse with objective-control scoring.,Generic concept,2026-09-23,control phase resource phase; command-resource phase turn structure phase
WG-0401,Regiment,Game object,Formation,A multi-model formation acting as a battlefield unit.,Represents formed troops at a larger tactical scale,models / stands,Military term with a rules meaning that can differ from historical establishment size.,Generic military term used as rules vocabulary,2026-09-23,regiment formed unit; formation unit game object formation
WG-0402,Stand,Game object,Formation element,A base or element containing one or more models and functioning as an atomic part of a larger formation.,Reduces model-level handling in mass battle games,base / element,Do not merge with 'base' when a ruleset distinguishes individual model bases from formation stands.,Generic,2026-09-23,stand element; multi-model base game object formation element
WG-0403,March,Movement,Formation movement,A standard movement action used by a formed unit or regiment.,Repositions formations,Move value / inches,Often distinct from charge movement and reforms.,Generic term with system-specific procedure,2026-09-23,march march action; marching movement formation movement
WG-0404,Wheel,Movement,Formation manoeuvre,Rotate a formation around part of its frontage while maintaining formation geometry.,Changes facing of formed units,degrees / movement cost,A core rank-and-flank manoeuvre family.,Generic,2026-09-23,wheel wheeling; wheel manoeuvre movement formation manoeuvre
WG-0405,Clash,Combat & weapons,Attack action,A named close-combat attack action for a regiment or formation.,Resolves formation melee,attack action,Game-specific label for a generic melee-attack concept.,System-specific,2026-09-23,clash clash attack; melee clash combat & weapons attack action
WG-0406,Volley,Combat & weapons,Attack action,"A formation-level ranged attack action, often representing coordinated fire.",Resolves formation ranged attacks,attack action,Generic military word; exact dice and targeting procedure are system-specific.,Generic term with system-specific procedure,2026-09-23,volley volley action; ranged volley combat & weapons attack action
WG-0407,Take Aim,Targeting & visibility,Accuracy action,Spend an action or opportunity to improve a subsequent ranged attack.,Trades tempo for accuracy,action / modifier,"Same design family as Aim, but kept as a named action where the exact phrase matters.",Generic named action,2026-09-23,take aim aiming action; prepare shot targeting & visibility accuracy action
WG-0408,Impact Attack,Combat & weapons,Charge effect,An extra attack or hit generated by momentum when a unit completes a charge or collision.,Rewards successful charges with front-loaded damage,attacks / hits,Related to existing Impact X; this record is the broader concept.,Generic concept,2026-09-23,impact attack impact hit; charge impact combat & weapons charge effect
WG-0409,Broken,Damage & morale,Morale state,A severe morale or cohesion state that restricts a unit until it recovers or rallies.,Models formation collapse short of removal,state / marker,Related to Routed but not necessarily identical.,Generic,2026-09-23,broken broken status; broken formation damage & morale morale state
WG-0410,Guts Roll,Damage & morale,Post-attack test,A post-attack test that determines whether a surviving model holds position or moves toward safety.,"Connects survival, morale and reactive displacement",test,Useful canonical family: post-attack morale/displacement response.,"System-specific label, generic concept",2026-09-23,guts roll guts check; survival response damage & morale post-attack test
WG-0411,Barrel Roll,Movement,Vehicle manoeuvre,A template-defined lateral repositioning manoeuvre.,Provides sideways repositioning without a normal forward manoeuvre,template / distance,Keep distinct from aircraft aerobatics outside the rules abstraction.,"System-specific label, generic vehicle-movement concept",2026-09-23,barrel roll lateral roll; side reposition movement vehicle manoeuvre
WG-0412,Boost Manoeuvre,Movement,Vehicle manoeuvre,An additional template-based movement action outside the ship's normal manoeuvre.,Converts action economy into extra repositioning,template / speed,Separate semantic record from Boost Roll.,"System-specific label, generic concept",2026-09-23,boost manoeuvre boost action; boost [movement] movement vehicle manoeuvre
WG-0413,Lock,Targeting & visibility,Target designation,A persistent designation of another game object that can later improve attacks or enable abilities.,Stores target-acquisition state,token / relation,Canonical family: persistent target lock.,Generic concept,2026-09-23,lock target lock; lock token targeting & visibility target designation
WG-0414,Overlap,Measurement & spatial,Collision,"A movement event in which a model's footprint, path or final position intersects another object or obstacle under the rules.",Triggers collision/positioning consequences,event / geometry,"Define separately whether bases may physically overlap, pass through or only trigger an overlap event.",Generic concept,2026-09-23,overlap collision overlap; bump measurement & spatial collision
WG-0415,Ion,Damage & morale,Control condition,An accumulating control effect that restricts or dictates later movement or actions.,Constrains manoeuvrability,token / threshold,Science-fiction label; mechanic belongs to the movement-control condition family.,"System-specific label, generic concept",2026-09-23,ion ionised; ion token damage & morale control condition
WG-0416,Tractor,Movement,Forced movement / control,An effect representing external manipulation of a target's position or manoeuvrability.,Forces repositioning or weakens positional control,token / forced move,Science-fiction label for a broader forced-movement/debuff concept.,"System-specific label, generic concept",2026-09-23,tractor tractor token; tractor effect movement forced movement / control
WG-0417,After-Action Report,Game format & scale,Play record,"A written, illustrated or recorded account of a completed game, from a short result summary to a detailed turn-by-turn report.",Documents play and outcomes,report / document,Useful to designers as qualitative playtest evidence.,Hobby / design vocabulary,2026-09-23,after-action report aar; battle report; debrief game format & scale play record
WG-0418,Artificial Intelligence,Game format & scale,Automated opponent,Rules or procedures that determine the behaviour of a non-human-controlled side.,Enables solitaire or partially automated play,table / flowchart / deck / procedure,"In tabletop use, AI need not involve machine learning.",Generic,2026-09-23,artificial intelligence ai; solitaire opponent; bot game format & scale automated opponent
WG-0419,Area Control,Objectives & scoring,Map control,"A mechanic in which controlling defined map areas grants points, resources, access or another benefit.",Turns spatial presence into strategic value,area / majority / control value,"Separate from Zone of Control, which is a local influence rule around a unit.",Generic,2026-09-23,area control territorial control; control area objectives & scoring map control
WG-0420,Area Impulse,Turn structure,Activation model,A turn structure divided into short impulses whose number or availability may vary through random or procedural factors.,Creates uncertain tempo and prioritisation,impulses / turn,Often combined with area-based movement or activation.,Generic,2026-09-23,area impulse impulse system; area-impulse activation turn structure activation model
WG-0421,Area Movement,Movement,Abstract movement,Movement between defined map areas instead of measured physical distance or counted grid spaces.,Abstracts geography into connected regions,areas moved,Areas need not have equal physical size.,Generic,2026-09-23,area movement zone movement; area-to-area movement movement abstract movement
WG-0422,Asymmetric Game,Game format & scale,Force relationship,"A game in which opposing sides have materially different capabilities, constraints or victory requirements.",Creates unequal but intentionally designed roles,scenario-defined,Asymmetry is not itself imbalance; objectives and time limits can compensate.,Generic,2026-09-23,asymmetric game asymmetrical game; asymmetric forces game format & scale force relationship
WG-0423,Average Dice,Resolution & tests,Dice type,A non-standard die or die-numbering convention designed to cluster outcomes more tightly around the middle.,Reduces variance while retaining randomness,custom die values,Useful where designers want less swing than an ordinary uniform die.,Generic,2026-09-23,average dice average die; averaging die resolution & tests dice type
WG-0424,Block Game,Game format & scale,Component system,"A wargame using blocks as units, often concealing unit identity or strength from the opponent.",Combines piece representation with fog of war,block / step values,Rotating a block can also track strength in some designs.,Generic,2026-09-23,block game block wargame; block system game format & scale component system
WG-0425,Campaign,Game format & scale,Linked games,"A series of connected battles in which previous results can affect later scenarios, forces or positions.",Adds persistence and strategic continuity,games / rounds / persistent state,"Can be narrative, map-based or a full strategic layer.",Generic,2026-09-23,campaign linked campaign; campaign game game format & scale linked games
WG-0426,Card-Driven Game,Turn structure,Activation model,A game in which cards substantially determine or constrain available actions.,Couples action economy to a hand or deck,cards / operations values,"Cards can represent events, operations, commands or combinations.",Generic,2026-09-23,card-driven game cdg; card-driven system turn structure activation model
WG-0427,Chit,Turn structure,Randomiser component,"A small token used to determine random events, reinforcements, activation or other sequencing.",Externalises random selection,token,The component is a chit; the procedure is a chit pull.,Generic,2026-09-23,chit draw chit; activation chit turn structure randomiser component
WG-0428,Chit Pull,Turn structure,Activation model,"A random activation or event procedure in which chits are drawn from a cup, bag or pool.",Creates uncertain sequencing and command friction,draws / chits,Related to random activation but worth retaining as the specific physical/procedural implementation.,Generic,2026-09-23,chit pull chit draw; chit-pull activation turn structure activation model
WG-0429,Chrome,Rules language,Design jargon,"Wargaming slang for rules or details added to evoke distinctive features of a period, battle or faction.",Adds specificity and setting character,qualitative,Chrome can improve flavour but also increase rules load.,Hobby / design vocabulary,2026-09-23,chrome period chrome; flavour rule rules language design jargon
WG-0430,COIN Game,Game format & scale,Game family,"A conflict game centred on counter-insurgency dynamics, often with asymmetric factions and political as well as military objectives.",Models insurgency and counter-insurgency conflict,factions / influence / control,"Also refers to a specific influential series, so provenance matters.",Generic / family label,2026-09-23,coin game counter-insurgency game; coin game format & scale game family
WG-0431,Combat Results Table,Resolution & tests,Combat resolution,"A lookup table that converts combat inputs and a random result into casualties, retreats, disruption or other outcomes.",Resolves combat through a table,odds/differential + die result,"CRTs may be odds-based, differential-based or indexed in another way.",Generic,2026-09-23,combat results table crt; combat table resolution & tests combat resolution
WG-0432,Combat Ratio,Resolution & tests,Combat resolution,The relative strength of attacker and defender expressed as a ratio and used to select a combat result or modifier.,Normalises unequal force strength before resolution,ratio such as 3:1,Alternative designs use a combat differential rather than a ratio.,Generic,2026-09-23,combat ratio combat odds; odds ratio; odds resolution & tests combat resolution
WG-0433,Column Shift,Resolution & tests,Combat modifier,"Move to a different column of a combat table to represent terrain, support or other advantages and disadvantages.",Modifies table-based combat,number of columns,Different from a Die Roll Modifier even though both alter outcome probabilities.,Generic,2026-09-23,column shift crt shift; odds-column shift resolution & tests combat modifier
WG-0434,Die Roll Modifier,Resolution & tests,Dice modification,A numerical adjustment added to or subtracted from a die result before interpreting it.,Shifts probability without changing the die,signed integer,"Contrast with column shifts, extra dice and rerolls.",Generic,2026-09-23,die roll modifier drm; die modifier resolution & tests dice modification
WG-0435,Command Control,Turn structure,Command model,Rules governing how reliably and quickly a player can make units execute intended orders.,"Models imperfect information, delay and obedience",range / tests / delays / command resources,Can range from near-total player control to heavily constrained command systems.,Generic,2026-09-23,command control c2; command and control; command friction turn structure command model
WG-0436,Command Level,Game format & scale,Scale,The military echelon represented by the player's decisions and game pieces.,Defines the abstraction level of play,tactical / operational / strategic,Do not confuse command level with miniature figure scale.,Generic,2026-09-23,command level echelon level; decision scale game format & scale scale
WG-0437,Counter,Game object,Physical piece,"A flat playing piece, usually cardboard, representing a unit, marker or other game entity.",Represents units or state on a map,counter / printed values,Common in hex-and-counter systems but not limited to them.,Generic,2026-09-23,counter unit counter; cardboard counter game object physical piece
WG-0438,Dummy Counter,Game object,Hidden information,A piece that resembles a real unit or possible unit position but represents deception rather than an actual combat unit.,Creates uncertainty and fog of war,counter / hidden identity,Canonical family: decoy unit.,Generic,2026-09-23,dummy counter dummy; decoy counter; dummy unit game object hidden information
WG-0439,Fog of War,Rules language,Information model,"Rules that limit a player's knowledge of enemy positions, strength, intent or future events.",Models imperfect battlefield information,hidden state / dummy / block / referee,"Can be implemented through blocks, hidden deployment, chits, screens, apps or an umpire.",Generic,2026-09-23,fog of war fow; hidden information; uncertainty rules language information model
WG-0440,Ground Scale,Game format & scale,Scale,The relationship between tabletop or map distance and represented real-world distance.,Defines spatial abstraction,e.g. 1 inch = 50 m,Different from miniature figure scale and time scale.,Generic,2026-09-23,ground scale map scale; distance scale game format & scale scale
WG-0441,Hex,Measurement & spatial,Grid space,"A six-sided map space used to discretise position, movement and adjacency.",Creates a regular movement/adjacency grid,hex,Six neighbours avoid the orthogonal/diagonal distinction of square grids.,Generic,2026-09-23,hex hexagon; hex space measurement & spatial grid space
WG-0442,Hex-and-Counter,Game format & scale,Component / map system,A wargame format using a hexagonal map grid and counters to represent units and game state.,Combines discrete space with compact unit representation,hexes + counters,A format rather than a single rules mechanic.,Generic,2026-09-23,hex-and-counter hex & counter; hex-and-chit game format & scale component / map system
WG-0443,Interpenetration,Movement,Unit interaction,A rule allowing one unit to move through another friendly unit or formation under stated restrictions.,Controls movement through occupied space,permission / penalty,"Often depends on formation, troop type or disorder.",Generic,2026-09-23,interpenetration pass through friendly units; interpenetrate movement unit interaction
WG-0444,Point-to-Point Movement,Movement,Abstract movement,Movement along predefined connections between named locations or nodes.,Abstracts routes and geography into a network,links / nodes,Different from area movement: movement follows connections rather than crossing region boundaries.,Generic,2026-09-23,point-to-point movement node movement; point movement; connected-point movement movement abstract movement
WG-0445,Sequence of Play,Turn structure,Turn structure,"The ordered framework of phases, steps and player opportunities that make up a game turn or round.",Defines when rules can occur,ordered phases / steps,A useful top-level term for documenting a rules engine.,Generic,2026-09-23,sequence of play sop; turn sequence turn structure turn structure
WG-0446,I-go-You-go,Turn structure,Activation model,A turn structure in which one player completes a substantial turn sequence before the other player completes theirs.,Creates player-level rather than unit-level alternation,player turn,Do not use as an alias for alternating unit activation: they are different structures.,Generic,2026-09-23,i-go-you-go igougo; igo-ugo; full-turn alternation turn structure activation model
WG-0447,Stacking,Measurement & spatial,Occupancy,"A rule allowing multiple pieces or units to occupy the same map space, usually with limits.",Controls spatial density,units/counters per hex or area,The physical pile of counters is a stack; stacking is the occupancy rule.,Generic,2026-09-23,stacking stack; multiple units per space measurement & spatial occupancy
WG-0448,Stacking Limit,Measurement & spatial,Occupancy,The maximum number or strength of pieces allowed to occupy one map space.,Caps concentration in discrete space,counter count / strength points,Can be checked continuously or only at specified times.,Generic,2026-09-23,stacking limit stack limit; stacking capacity measurement & spatial occupancy
WG-0449,Overstack,Measurement & spatial,Occupancy state,A state in which a map space contains more units or strength than the normal stacking limit permits.,Applies penalties or forces correction,state / excess count,Some games prohibit it entirely; others permit it temporarily.,Generic,2026-09-23,overstack over-stacking; overstacked measurement & spatial occupancy state
WG-0450,Movement Tray,Game object,Movement aid,A tray holding multiple miniatures so a formation can be moved and aligned as one physical object.,Reduces handling and preserves formation geometry,tray footprint,Physical aid can also become the rules footprint in some systems.,Generic,2026-09-23,movement tray unit tray; formation tray game object movement aid
WG-0451,Movement Allowance,Movement,Movement stat,A numeric allowance representing how much movement a unit may spend during a movement opportunity.,Budgets movement across terrain or manoeuvres,movement points / spaces,In measured miniatures games the analogous concept is usually Move/Speed distance.,Generic,2026-09-23,movement allowance ma; movement points; movement factor movement movement stat
WG-0452,Entry Cost,Movement,Movement cost,"The amount of movement allowance spent to enter a terrain type, map space or zone.",Prices difficult routes,movement points,Some systems charge for entering; others charge for leaving or crossing an edge.,Generic,2026-09-23,entry cost movement cost; terrain entry cost movement movement cost
WG-0453,Exit Cost,Movement,Movement cost,"The amount of movement allowance spent to leave a map space, terrain type or control effect.",Prices withdrawal from a location,movement points,"Keep distinct from entry cost because systems may use one, the other, or both.",Generic,2026-09-23,exit cost leaving cost; terrain exit cost movement movement cost
WG-0454,Terrain Effects Chart,Terrain & battlefield,Reference table,"A table summarising how terrain types modify movement, combat, visibility or other rules.",Centralises repeated terrain modifiers,table / matrix,Common in simulation-heavy board wargames.,Generic,2026-09-23,terrain effects chart tec; terrain chart terrain & battlefield reference table
WG-0455,Direct Fire,Combat & weapons,Fire mode,Fire resolved directly against a target the firing unit can observe under the game's visibility rules.,Baseline observed ranged fire,weapon range / LOS,Useful opposite of Indirect Fire.,Generic,2026-09-23,direct fire line fire; observed direct fire combat & weapons fire mode
WG-0456,Disrupted,Damage & morale,Cohesion state,"A temporary combat state that reduces a unit's movement, combat ability, control or other functions.",Models shock and loss of cohesion without removing the unit,state / marker,Often recovered automatically or through rally/reorganisation.,Generic,2026-09-23,disrupted disruption; disrupted state damage & morale cohesion state
WG-0457,Diversionary Attack,Combat & weapons,Attack purpose,A secondary attack made mainly to occupy or satisfy enemy/contact requirements so another attack can concentrate elsewhere.,Manipulates combat allocation and enemy commitment,attack,Particularly relevant in systems that require adjacent units to attack.,Generic,2026-09-23,diversionary attack soak-off attack; diversion combat & weapons attack purpose
WG-0458,Overrun,Combat & weapons,Movement-combat action,An attack resolved during movement when a moving force attempts to pass through or destroy weaker opposition.,Combines movement and combat into one action,movement points + combat,Common in operational/armour-heavy board wargames.,Generic,2026-09-23,overrun overrun attack; overrunning combat & weapons movement-combat action
WG-0459,Step Loss,Damage & morale,Strength degradation,Loss of one discrete strength level from a multi-step unit without removing the entire unit.,Provides granular attrition for unit counters or blocks,steps,Often shown by flipping or rotating the piece.,Generic,2026-09-23,step loss step reduction; strength step damage & morale strength degradation
WG-0460,Supply,Deployment & army building,Logistics,"A rule system representing access to ammunition, fuel, food or other resources needed for effective operations.",Constrains movement and combat over time,state / supply points / path,"Can be binary, traced to a source, or represented as consumable points.",Generic,2026-09-23,supply logistics; supplied / unsupplied deployment & army building logistics
WG-0461,Line of Communications,Deployment & army building,Logistics,"A route connecting a force to command, supply, reinforcement or withdrawal sources.",Links battlefield position to logistics and command,path / route,"Often tested for blockage by enemy zones, terrain or distance.",Generic,2026-09-23,line of communications loc; supply line; communications line deployment & army building logistics
WG-0462,Order of Battle,Deployment & army building,Force organisation,"A structured listing of the units, formations and sometimes equipment available to a side.",Defines historical or scenario force composition,list / hierarchy,Different from a player's final army list when the OOB includes forces not immediately deployed.,Generic,2026-09-23,order of battle ob; oob; force order deployment & army building force organisation
WG-0463,Percentile Dice,Resolution & tests,Dice notation,"A random result from 1 to 100, commonly generated with two ten-sided dice.",Provides fine-grained probability resolution,1–100,Can also be represented by a single hundred-sided die or digital randomiser.,Generic,2026-09-23,percentile dice d100; d%; percentile roll resolution & tests dice notation
WG-0464,D66,Resolution & tests,Dice notation,"Roll two D6 and read one as the tens digit and one as the units digit, producing 36 equally likely labelled results from 11 to 66.",Indexes a 36-entry random table,11–66 labels,Not the same distribution as adding 2D6.,Generic,2026-09-23,d66 d66 table; two-digit d6 resolution & tests dice notation
WG-0465,Tactical Scale,Game format & scale,Command scale,A game scale centred on immediate battlefield manoeuvre and combat by relatively small formations.,Sets decision and unit abstraction,scale category,Exact unit sizes vary by game; treat this as a spectrum rather than a hard universal boundary.,Generic,2026-09-23,tactical scale tactical level; tactical game game format & scale command scale
WG-0466,Operational Scale,Game format & scale,Command scale,"A game scale concerned with campaigns, manoeuvre of larger formations, logistics and linked battles.",Bridges tactical combat and strategic war direction,scale category,Unit and time scales vary widely.,Generic,2026-09-23,operational scale operational level; operational game game format & scale command scale
WG-0467,Strategic Scale,Game format & scale,Command scale,"A game scale focused on theatre-wide or national military decisions, resources and major formations.",Models high-level war direction,scale category,May abstract individual battles heavily.,Generic,2026-09-23,strategic scale strategic level; strategic game game format & scale command scale
WG-0468,Grand Strategic Scale,Game format & scale,Command scale,"A very high-level game scale including military, economic, diplomatic or global/theatre-wide decisions.",Models war as a broad political and economic system,scale category,Often spans long periods and very large geography.,Generic,2026-09-23,grand strategic scale grand strategy; grand strategic game format & scale command scale
WG-0469,Firepower Ratio,Resolution & tests,Combat ratio,A ratio comparing the effective firepower assigned to opposing forces before or during combat resolution.,Normalises relative ranged/combat power,ratio,Use 'fire ratio' only as an alias if a source actually defines it; 'firepower ratio' is the clearer canonical term.,Generic,2026-09-23,firepower ratio firepower odds; fire ratio [ambiguous] resolution & tests combat ratio
WG-0470,Target Movement Modifier,Targeting & visibility,Movement defence,A defensive attack modifier derived from how effectively a unit moved.,Turns mobility into harder targeting,signed modifier,Do not confuse with an attacker's movement modifier.,BattleTech-specific,2026-09-23,target movement modifier tmm; target movement modifier targeting & visibility movement defence
WG-0471,Point Value,Deployment & army building,List building,A unit's approximate battlefield value used when building opposing forces.,Budgets force strength,integer points,Same design family as points cost but retained because PV is a formal profile field.,"System-specific label, generic concept",2026-09-23,point value pv; unit point value deployment & army building list building
WG-0472,Overheat Value,Combat & weapons,Heat / risk statistic,The maximum extra attack output a unit may deliberately generate by accepting heat.,Trades future efficiency for immediate damage,integer,A push-your-luck resource ceiling rather than stored heat itself.,System-specific,2026-09-23,overheat value ov; overheat rating combat & weapons heat / risk statistic
WG-0473,Heat Level,Damage & morale,Heat state,"The current amount of accumulated heat affecting a machine's movement, targeting or operation.",Tracks temporary self-inflicted degradation,0-N scale,Heat can be self-generated or externally inflicted.,Generic mech-game concept,2026-09-23,heat level heat; current heat damage & morale heat state
WG-0474,Heat Scale,Damage & morale,Resource/state track,A track used to record accumulated heat and thresholds such as shutdown.,Externalises thermal state,boxes / levels,Useful design pattern for machines whose output creates delayed penalties.,Generic mech-game concept,2026-09-23,heat scale heat track; heat meter damage & morale resource/state track
WG-0475,Shutdown,Damage & morale,Machine state,A state in which an overheated machine becomes immobile and cannot make normal attacks until recovery.,Hard consequence for excessive heat,state,Often the upper endpoint of a heat track.,Generic mech-game concept,2026-09-23,shutdown shutdown state; thermal shutdown damage & morale machine state
WG-0476,Cooling Down,Turn structure,Recovery procedure,A procedure for reducing accumulated heat during an end or maintenance phase.,Resets thermal resource,heat levels removed,"May depend on water, whether weapons fired, or shutdown state.",Generic mech-game concept,2026-09-23,cooling down cooldown; cooling phase turn structure recovery procedure
WG-0477,Jumping Movement,Movement,Movement mode,A movement mode that relocates using jump capability and may apply different targeting modifiers from ground movement.,Adds terrain-bypassing mobility at an accuracy cost,inches + movement mode,Keep separate from a generic Jump action when movement mode changes combat modifiers.,"System-specific label, generic concept",2026-09-23,jumping movement jump move; jumping mode movement movement mode
WG-0478,Physical Attack,Combat & weapons,Attack type,An attack resolved through bodily or vehicle contact rather than weapon fire.,Creates a distinct close-combat resolution path,attack,Mech games often separate physical attacks from weapon attacks.,Generic mech-game concept,2026-09-23,physical attack physical combat; physical strike combat & weapons attack type
WG-0479,Death From Above,Combat & weapons,Special melee attack,A jumping physical attack in which a unit descends onto a target.,High-risk impact attack,charge/jump distance + damage formula,Strongly associated with BattleTech; generic family is aerial impact attack.,System-specific,2026-09-23,death from above dfa; death-from-above attack combat & weapons special melee attack
WG-0480,Engine Hit,Damage & morale,Subsystem critical,A critical result that damages a vehicle or machine's engine and degrades later performance.,Models subsystem damage,critical box / penalty,Subsystem-critical family.,Generic vehicle/mech concept,2026-09-23,engine hit engine critical; engine damage damage & morale subsystem critical
WG-0481,Fire Control Hit,Damage & morale,Subsystem critical,A critical result damaging fire-control systems and worsening attack accuracy.,Degrades targeting,critical box / hit modifier,Not the same as the generic Fire Control command concept.,"System-specific label, generic concept",2026-09-23,fire control hit fire-control critical; targeting-system hit damage & morale subsystem critical
WG-0482,Movement System Hit,Damage & morale,Subsystem critical,A critical result that reduces a machine's available movement.,Degrades mobility,critical box / movement penalty,BattleTech labels this MP Hit; canonicalised here by function.,Generic mech/vehicle concept,2026-09-23,movement system hit mp hit; movement critical damage & morale subsystem critical
WG-0483,Weapon System Hit,Damage & morale,Subsystem critical,A critical result that reduces weapon output or disables armament.,Degrades offence,critical box / damage reduction,Generic subsystem-damage family.,Generic vehicle/mech concept,2026-09-23,weapon system hit weapon hit; weapons critical damage & morale subsystem critical
WG-0484,Blaze Away,Combat & weapons,Suppression action,A ranged action focused on pinning or suppressing a target rather than maximising casualties.,Converts fire volume into control,action / dice,Separate from generic Suppressive Fire because this is a named action.,System-specific,2026-09-23,blaze away suppression fire action; blaze-away combat & weapons suppression action
WG-0485,Assault Reaction,Rules language,Reaction window,A reaction available to an eligible defending unit immediately before an assaulting unit completes contact.,Creates defender interaction during enemy assault,reaction,"Specific reactions can include Suppressive Fire, Evade, Controlled Fire and Counter Charge.",Generic concept with system-specific menu,2026-09-23,assault reaction charge reaction; assault response rules language reaction window
WG-0486,Controlled Fire,Special effect families,Reaction fire,A reaction that makes a deliberately constrained ranged attack during an incoming assault.,Reactive accuracy/damage tool,reaction / hit modifier,Named Firefight keyword; broader family is reaction fire.,System-specific,2026-09-23,controlled fire controlled-fire reaction special effect families reaction fire
WG-0487,Evade Reaction,Movement,Reaction movement,A defensive reaction that attempts to move directly away from an incoming assault.,Trades position for avoiding contact,test + movement,Separate from passive Evasion defence modifiers.,Generic concept,2026-09-23,evade reaction evade; evasive reaction movement reaction movement
WG-0488,Hindered Charge,Movement,Charge condition,A charge made through terrain or circumstances that reduce its effectiveness.,Models terrain friction during engagement,state / modifier,Common family across rank-and-flank and skirmish games.,Generic,2026-09-23,hindered charge hindered assault; impeded charge movement charge condition
WG-0489,Failed Assault,Movement,Charge outcome,An assault attempt that cannot legally complete contact and therefore resolves as a lesser movement or failure state.,Handles unsuccessful engagement movement,outcome,Important distinction from merely failing an attack roll after contact.,Generic concept,2026-09-23,failed assault failed charge; failed assault move movement charge outcome
WG-0490,Directly Away,Measurement & spatial,Directional constraint,A movement requirement that forces the moving unit to increase distance from a specified source along a direct direction.,Constrains reaction/retreat geometry,direction,Useful rules-language keyword for forced retreats.,Generic rules-language concept,2026-09-23,directly away move directly away; retreat vector measurement & spatial directional constraint
WG-0491,Advanced Training,Special effect families,Command keyword,A keyword allowing a unit to use command effects under conditions that normally prevent them.,Relaxes command restrictions,trait,Specific implementation belongs to Firefight.,System-specific,2026-09-23,advanced training advanced-trained special effect families command keyword
WG-0492,Anti-Grav,Special effect families,Mobility keyword,A mobility trait allowing a unit to cross some obstacles or difficult terrain more freely.,Reduces terrain penalties,trait,Science-fiction mobility family analogous to hover.,Generic sci-fi concept,2026-09-23,anti-grav antigravity; grav mobility special effect families mobility keyword
WG-0493,Bulky,Special effect families,Transport restriction,A trait marking a model or unit as too large for some transports or enclosed terrain.,Constrains transport/building access,trait,Size-based restriction without necessarily changing Size stat.,Generic,2026-09-23,bulky bulky unit special effect families transport restriction
WG-0494,Defensible,Special effect families,Defence keyword,A trait granting improved protection against specified attack types.,Conditional defence improvement,trait / armour modifier,"Named keyword, not a terrain classification here.",System-specific,2026-09-23,defensible defensible unit special effect families defence keyword
WG-0495,Inspiring,Special effect families,Morale aura,A trait allowing nearby friendly units to improve or reroll morale-style tests.,Projects morale support,radius / reroll,Common fantasy/sci-fi command concept.,Generic,2026-09-23,inspiring inspiring aura; inspiration special effect families morale aura
WG-0496,Resilient X,Special effect families,Defence keyword,A parameterised defensive trait that forces successful damaging dice to be rerolled.,Reduces expected incoming damage,integer rerolls,Different from flat damage reduction or regeneration.,System-specific pattern,2026-09-23,resilient x resilient(n); resilience reroll special effect families defence keyword
WG-0497,Small Unit,Special effect families,Targeting defence,A trait representing a small or dispersed unit that is harder to hit with shooting.,Reduces ranged accuracy against the unit,trait / hit modifier,Do not confuse with literal model count only.,Generic concept,2026-09-23,small unit small-unit keyword special effect families targeting defence
WG-0498,Tactician X,Special effect families,Command resource keyword,A parameterised trait that adds dice to a player's command resource pool.,Generates command resources,integer dice,Named Firefight mechanic.,System-specific,2026-09-23,tactician x tactician(n); command dice bonus special effect families command resource keyword
WG-0499,Targeting Systems,Special effect families,Targeting keyword,A trait allowing a unit's models or weapons to divide fire between more targets than normally permitted.,Expands target allocation,target count,Different from a simple accuracy bonus.,Generic sci-fi concept,2026-09-23,targeting systems targeting system; split-fire system special effect families targeting keyword
WG-0500,Vicious,Special effect families,Damage reroll keyword,A context-tagged trait allowing specified low damage results to be rerolled.,Improves damage consistency,reroll condition,"Record the context, such as Assault or Shoot.",Generic label with system-specific implementation,2026-09-23,vicious vicious (assault); vicious (shoot) special effect families damage reroll keyword
WG-0501,Weight of Fire X,Special effect families,Fire-volume keyword,A parameterised trait that increases the effectiveness or volume of sustained ranged fire.,Rewards concentrated shooting,integer parameter,Keep the exact dice effect tied to ruleset provenance.,System-specific,2026-09-23,weight of fire x weight of fire(n); massed fire special effect families fire-volume keyword
WG-0502,Pinning Weapon,Special effect families,Suppression keyword,A weapon trait that places a suppression or pin marker when it hits under the relevant rules.,Adds soft damage to shooting,marker,Generic design family; exact trigger varies.,Generic,2026-09-23,pinning weapon pinning; pinning fire special effect families suppression keyword
WG-0503,Command Dice Pool,Deployment & army building,Command resource,"A shared pool of dice used to generate, pay for or resolve command effects.",Creates player-level tactical resource,dice pool,Distinct from unit attack dice.,Generic concept,2026-09-23,command dice pool command dice; command pool deployment & army building command resource
WG-0504,Faction Order,Turn structure,Command ability,A command effect available because of a unit's faction or army identity.,Provides faction-specific tactical actions,order / command points,Keep separate from ordinary unit Orders.,Generic concept,2026-09-23,faction order army order; faction command turn structure command ability
WG-0505,Boosted Ability,Rules language,Enhanced mode,An optional enhanced version of an ability purchased by paying an additional resource cost.,Creates scalable ability intensity,extra resource cost,Useful generic pattern for parameterised command abilities.,Generic concept,2026-09-23,boosted ability boosted; boosted order rules language enhanced mode
WG-0506,Rift Die,Deployment & army building,Random resource,A special die assigned to Rift units whose rolled state powers or constrains unusual abilities.,Randomised unit resource,die / state,Separate from ordinary Order Dice.,System-specific,2026-09-23,rift die rift dice; rift resource die deployment & army building random resource
WG-0507,Active Rift Die,Deployment & army building,Resource state,A Rift Die currently in its normal usable state.,Tracks resource readiness,die state,Part of the Active/Surging/Exhausted state family.,System-specific,2026-09-23,active rift die active rift state deployment & army building resource state
WG-0508,Surging Rift Die,Deployment & army building,Resource state,An enhanced Rift Die state capable of powering stronger overload effects.,Stores high-intensity resource,die state,Often created by combining or upgrading resources.,System-specific,2026-09-23,surging rift die surging rift state deployment & army building resource state
WG-0509,Exhausted Rift Die,Deployment & army building,Resource state,A spent Rift Die state awaiting recovery or recycling.,Tracks resource depletion,die state,Specific implementation of generic exhausted/spent state.,System-specific,2026-09-23,exhausted rift die exhausted rift state deployment & army building resource state
WG-0510,Rift Unit,Game object,Unit classification,A unit capable of receiving and using Rift Dice and Rift abilities.,Rules hook for supernatural/advanced mechanics,keyword / unit type,System-specific identity keyword.,System-specific,2026-09-23,rift unit rift-tagged unit game object unit classification
WG-0511,Guts,Deployment & army building,Hero resource,"A limited hero resource spent to modify rolls, manipulate orders or avoid removal.",Provides hero-level tactical resilience,integer points,System-specific currency with generic hero-resource design pattern.,System-specific,2026-09-23,guts heroic guts; guts points deployment & army building hero resource
WG-0512,Rift Mastery,Deployment & army building,Hero resource,"A hero resource governing extra Rift Dice, allocation and creation of enhanced Rift states.",Controls supernatural resource economy,integer points,Distinct from the Rift Die itself.,System-specific,2026-09-23,rift mastery rift mastery points deployment & army building hero resource
WG-0513,Luck,Deployment & army building,Hero resource,A limited hero resource spent to reroll dice or avoid removal.,Adds player-controlled probability correction,integer points,Generic label but mechanics vary widely.,Generic concept,2026-09-23,luck luck points; hero luck deployment & army building hero resource
WG-0514,Heroic Stat,Game data,Resource characteristic,A characteristic that grants a hero a finite pool of special-use points.,Encodes limited heroic abilities,integer,"Konflikt groups Guts, Rift Mastery and Luck in this family.",System-specific concept,2026-09-23,heroic stat heroic statistic; hero resource stat game data resource characteristic
WG-0515,Corrosive X,Special effect families,Weapon tag,A parameterised Rift weapon effect that increases penetration by expending a resource die.,Resource-powered penetration boost,die type / penetration,Named system-specific ability.,System-specific,2026-09-23,corrosive x corrosive (dx); corrosive weapon special effect families weapon tag
WG-0516,Crush,Special effect families,Weapon tag,"A weapon effect that rewards all attacks hitting, generating extra or combined damage against hard targets.",Conditional damage concentration,all-hits condition,Useful family: all-hits payoff.,System-specific,2026-09-23,crush crush weapon special effect families weapon tag
WG-0517,Gravity Pulse,Special effect families,Area weapon,A resource-powered template attack that applies multiple hits and can combine penetration against vehicles.,Area attack plus anti-armour concentration,template / shots,Science-fiction label for a template-control family.,System-specific,2026-09-23,gravity pulse gravity-pulse weapon special effect families area weapon
WG-0518,Hyper Velocity,Special effect families,Weapon tag,A resource-powered shot gaining accuracy and penetration while bypassing cover and potentially continuing through a target.,High-penetration line/through-shot effect,hit/penetration bonus,Generic sci-fi/modern label; exact effect is system-specific.,System-specific,2026-09-23,hyper velocity hyper-velocity shot special effect families weapon tag
WG-0519,Shockwave,Special effect families,Area weapon,"An area effect whose result scales from the number of hits into blast, penetration or suppression consequences.",Converts hit count into area severity,template / hit count,Generic effect family across fantasy and sci-fi.,Generic label with system-specific procedure,2026-09-23,shockwave shock-wave attack special effect families area weapon
WG-0520,Tesla Arc X,Special effect families,Weapon tag,A parameterised electrical weapon effect generating additional shots and concentrating penetration against single targets.,Adds resource-powered shot volume,integer parameter,Useful family for chained/electrical attacks.,System-specific,2026-09-23,tesla arc x tesla arc (x); chain-lightning shot special effect families weapon tag
WG-0521,Overload Mode,Special effect families,Enhanced attack mode,"An enhanced weapon mode powered by a stronger resource state, improving output while imposing a cost on the firing unit.",Trades self-harm/resource for stronger attack,resource + penalty,Generic push-your-luck attack family.,Generic concept,2026-09-23,overload mode overload; overloaded weapon special effect families enhanced attack mode
WG-0522,Massive Damage,Damage & morale,Damage result,A higher-severity damage result used for especially destructive hits against vehicles or large targets.,Escalates damage outcome,damage tier,Keep distinct from raw Damage value.,Generic concept,2026-09-23,massive damage massive hit; catastrophic damage damage & morale damage result
WG-0523,Top Armour,Combat & weapons,Vehicle defence,The defensive armour value covering the top of a vehicle.,Creates facing/location-specific protection,armour value,Part of front/side/rear/top armour families.,Generic vehicle concept,2026-09-23,top armour top armor; roof armour combat & weapons vehicle defence
WG-0524,Advantage Level,Measurement & spatial,Air-combat state,A relative aerial state used to represent positional or energy advantage between aircraft.,Compresses altitude/energy state into discrete levels,Advantaged / Neutral / Disadvantaged,Not merely a numerical altitude measure.,"System-specific label, generic aerial concept",2026-09-23,advantage level advantage state; altitude advantage measurement & spatial air-combat state
WG-0525,Advantaged State,Measurement & spatial,Air-combat state,"The highest normal Advantage Level, granting initiative and attack opportunities.",Represents superior aerial position/energy,state,One of three core states.,System-specific,2026-09-23,advantaged state advantaged; high advantage measurement & spatial air-combat state
WG-0526,Neutral Advantage State,Measurement & spatial,Air-combat state,The middle Advantage Level between advantaged and disadvantaged.,Represents neither clear advantage nor vulnerability,state,Named to avoid collision with 'neutral' faction alignment.,System-specific,2026-09-23,neutral advantage state neutral; neutral aircraft measurement & spatial air-combat state
WG-0527,Disadvantaged State,Measurement & spatial,Air-combat state,The lowest Advantage Level and the state in which aircraft are most vulnerable to being shot down.,Creates vulnerability threshold,state,State-based aerial damage/position model.,System-specific,2026-09-23,disadvantaged state disadvantaged; vulnerable aircraft measurement & spatial air-combat state
WG-0528,Burn Advantage,Movement,Resource-like movement,Deliberately reduce Advantage Level to gain extra movement or manoeuvrability.,Trades positional state for immediate mobility,one advantage level,Elegant example of state-as-resource design.,System-specific,2026-09-23,burn advantage burn advantage; spend advantage movement resource-like movement
WG-0529,Outmanoeuvre,Movement,Air-combat control,A pilot action attempting to reduce an enemy aircraft's Advantage Level.,Attacks positional state rather than hull,pilot action / test,Useful aerial-control mechanic family.,"System-specific label, generic concept",2026-09-23,outmanoeuvre outmaneuver; manoeuvre attack movement air-combat control
WG-0530,Climb Action,Movement,Vertical/energy action,A pilot action used to improve an aircraft's Advantage Level.,Converts action into aerial position,one level,Abstracts climbing rather than measuring altitude directly.,Generic aerial concept,2026-09-23,climb action climb; climb for advantage movement vertical/energy action
WG-0531,Dive Action,Movement,Vertical/energy action,Spend aerial advantage to increase movement speed for the current activation.,Trades altitude/energy state for speed,distance bonus,Common energy-management air-combat concept.,Generic aerial concept,2026-09-23,dive action dive; dive for speed movement vertical/energy action
WG-0532,Tailing,Targeting & visibility,Air-combat position,A positional relationship in which an aircraft sits in a threatening rear pursuit position behind another.,Creates attack/control advantage,relative arc/position,A core dogfight geometry concept.,Generic aerial concept,2026-09-23,tailing tail; on the tail targeting & visibility air-combat position
WG-0533,Head-On Attack,Combat & weapons,Air attack geometry,An aerial attack where opposing aircraft approach each other through their forward arcs.,Defines special reciprocal attack geometry,arc relationship,Often riskier than a standard pursuit shot.,Generic aerial concept,2026-09-23,head-on attack head-on shot; frontal pass combat & weapons air attack geometry
WG-0534,Deflection Shot,Combat & weapons,Air attack geometry,A shot against a target crossing the attacker's line rather than being pursued directly.,Uses different defensive/aiming assumptions,relative geometry,Historic air-combat term useful in rules design.,Generic aerial concept,2026-09-23,deflection shot deflection shooting; crossing shot combat & weapons air attack geometry
WG-0535,Dodge,Combat & weapons,Defence resolution,A defensive roll representing an aircraft evading incoming fire.,Converts agility/speed into attack avoidance,dice,Different from an Evade movement action.,Generic,2026-09-23,dodge dodge roll; evasive dodge combat & weapons defence resolution
WG-0536,Boom Chit,Damage & morale,Attrition marker,"A marker recording aircraft/squadron combat damage and pressure, potentially degrading performance or forcing withdrawal.",Tracks cumulative air-combat attrition,chits / engines,Functions as both damage and morale pressure depending on unit type.,System-specific,2026-09-23,boom chit boom marker; squadron damage chit damage & morale attrition marker
WG-0537,Pilot Skill,Game data,Aircrew statistic,A rating representing pilot ability and used to order activations or resolve manoeuvres.,Differentiates crew quality,integer / rating,Separate from generic unit Skill where aircrew has its own stat.,Generic aerial concept,2026-09-23,pilot skill pilot rating; skill level game data aircrew statistic
WG-0538,Aircraft Agility,Game data,Aircraft statistic,"A rating representing an aircraft's ability to turn, roll, climb and evade.",Quantifies manoeuvrability,integer,Named to distinguish from infantry Agility tests in fantasy games.,Generic aerial concept,2026-09-23,aircraft agility agility; aircraft manoeuvrability game data aircraft statistic
WG-0539,Aircraft Firepower,Game data,Aircraft statistic,A rating abstracting an aircraft's forward armament effectiveness.,Quantifies air-to-air offensive output,integer / dice,Different semantic use from Flames of War Firepower tests.,Generic aerial concept,2026-09-23,aircraft firepower firepower; forward firepower game data aircraft statistic
WG-0540,Turret Firepower,Combat & weapons,Aircraft weapon statistic,A separate firepower rating for turret-mounted aircraft weapons with their own firing permissions.,Models defensive/non-forward armament,integer / dice,Keep separate from forward Aircraft Firepower.,Generic aerial concept,2026-09-23,turret firepower turret fp; defensive turret fire combat & weapons aircraft weapon statistic
WG-0541,Zoom Marker,Turn structure,Activation marker,A marker placed to show an aircraft has completed its activation.,Tracks activation state,marker,System-specific name for a generic activated token.,System-specific,2026-09-23,zoom marker activation marker; zoom token turn structure activation marker
WG-0542,Multi-Engine Aircraft,Game object,Aircraft class,An aircraft class with multiple engines and special damage handling.,Creates class-specific durability rules,engine count / class,Useful vehicle-class keyword in aerial games.,Generic aerial classification,2026-09-23,multi-engine aircraft multi-engine; bomber-type aircraft game object aircraft class
WG-0543,Break Off,Damage & morale,Withdrawal result,An aircraft or squadron withdraws from the fight due to damage or morale pressure.,Removes force through morale/attrition rather than destruction,state / exit,Common aerial and naval term.,Generic,2026-09-23,break off break off; turn for home damage & morale withdrawal result
WG-0544,Action Deck,Deployment & army building,Card resource,A deck of cards providing tactical options or reactions tied to aircraft or doctrine.,Adds card-driven tactical variation,cards,Specific contents vary by ruleset.,Generic card-driven concept,2026-09-23,action deck aircraft action deck; tactical deck deployment & army building card resource
WG-0545,Doctrine Card,Deployment & army building,Card ability,A card representing force doctrine and granting tactical effects.,Encodes army-level style,card,Often added to a shared action deck.,Generic concept,2026-09-23,doctrine card doctrine; doctrine ability deployment & army building card ability
WG-0546,Flank Speed,Movement,Naval movement stat,A ship's high-speed movement rating used for maximum movement.,Quantifies naval mobility,inches / speed,Not identical to real-world knots; game abstraction.,Generic naval term,2026-09-23,flank speed maximum ship speed; flank movement naval movement stat
WG-0547,Hull,Combat & weapons,Naval durability,A ship's primary structural durability value.,Tracks ship survival,points / threshold,Naval analogue of structure/health.,Generic,2026-09-23,hull hull points; hull integrity combat & weapons naval durability
WG-0548,Crew Quality,Game data,Crew statistic,"A rating representing crew competence for checks, damage control or special actions.",Differentiates ship crew performance,target number / rating,Generic naval crew-quality concept.,Generic,2026-09-23,crew quality cq; crew rating game data crew statistic
WG-0549,Crew Quality Check,Resolution & tests,Crew test,A test made against crew quality to resolve shipboard actions or scenario procedures.,Resolves crew-dependent tasks,D6 vs target,Generic family: crew test.,Generic naval concept,2026-09-23,crew quality check crew check; cq check resolution & tests crew test
WG-0550,Critical Level,Damage & morale,Critical track,A severity level on a ship's critical-damage system that can escalate through repeated damage.,Tracks subsystem catastrophe,integer tier,Distinct from a single Critical Hit.,Generic naval/vehicle concept,2026-09-23,critical level critical damage level; escalating critical damage & morale critical track
WG-0551,Devastating Critical,Damage & morale,Critical result,A particularly severe critical-damage result that escalates subsystem consequences.,Creates catastrophic damage spikes,critical tier,Different from Warhammer's Devastating Wounds.,Generic concept,2026-09-23,devastating critical devastating hit; catastrophic critical damage & morale critical result
WG-0552,Beyond the Horizon,Targeting & visibility,Indirect naval targeting,A naval attack made against targets beyond direct horizon/visibility using observation or spotting support.,Extends fire beyond direct LOS,spotter + range,Naval counterpart to indirect fire.,Generic naval concept,2026-09-23,beyond the horizon bth; beyond-horizon attack targeting & visibility indirect naval targeting
WG-0553,Fan Salvo,Combat & weapons,Torpedo fire mode,A spread of torpedoes fired to cover a wider area or improve hit probability.,Trades ammunition concentration for area coverage,salvo / dice,Generic naval torpedo concept.,Generic,2026-09-23,fan salvo spread salvo; torpedo fan combat & weapons torpedo fire mode
WG-0554,Attack Dice,Combat & weapons,Weapon statistic,The number of dice a naval weapon system rolls when attacking.,Sets weapon attack volume,integer dice,Canonical label already exists as a general term; this record is only added if absent.,Generic,2026-09-23,attack dice ad; attack dice rating combat & weapons weapon statistic
WG-0555,Damage Dice,Combat & weapons,Weapon statistic,A weapon value indicating how much damage is rolled or inflicted after a successful naval hit.,Sets hit severity,integer dice,Different from number of attack attempts.,Generic naval concept,2026-09-23,damage dice dd; damage dice rating combat & weapons weapon statistic
WG-0556,Point-Blank Range,Measurement & spatial,Range band,"The nearest weapon range band, usually granting the best accuracy or strongest effect.",Defines extreme close-range fire,distance band,Separate from generic Short Range.,Generic,2026-09-23,point-blank range point blank; pb range measurement & spatial range band
WG-0557,AA Battery,Combat & weapons,Weapon system,A shipboard anti-aircraft weapon system used against aircraft or flights.,Provides local air defence,attack dice / local rating,Generic naval weapon class.,Generic,2026-09-23,aa battery anti-aircraft battery; aa guns combat & weapons weapon system
WG-0558,Depth Charge,Combat & weapons,Weapon system,An anti-submarine weapon used against submerged or submarine targets.,Creates specialised anti-submarine attack,range / damage,Historical naval weapon class used as rules vocabulary.,Generic,2026-09-23,depth charge depth charges; asw charge combat & weapons weapon system
WG-0559,Dual Purpose,Special effect families,Weapon trait,A weapon trait representing guns capable of engaging both surface and aerial targets.,Expands target classes,trait,Common historical naval term.,Generic,2026-09-23,dual purpose dp; dual-purpose gun special effect families weapon trait
WG-0560,One-Shot,Special effect families,Ammo trait,A weapon trait limiting an armament to a single use before it is expended.,Constrains ammunition,one use,Generic limited-ammunition family.,Generic,2026-09-23,one-shot one shot; single-use weapon special effect families ammo trait
WG-0561,Wakeless,Special effect families,Torpedo trait,A torpedo trait representing a weapon whose approach is harder to detect because it leaves little or no visible wake.,Reduces warning/defence opportunities,trait,System-specific implementation of low-observable weapon.,"System-specific label, generic concept",2026-09-23,wakeless wakeless torpedo; no-wake special effect families torpedo trait
WG-0562,Restricted,Special effect families,Weapon trait,"A trait limiting when, how many dice, or in which arcs a weapon may fire.",Constrains weapon employment,trait,Generic rules-language term; record exact restriction separately.,Generic,2026-09-23,restricted restricted weapon; restricted arc special effect families weapon trait
WG-0563,Local X,Special effect families,Defensive weapon trait,A parameterised local-defence rating for short-ranged anti-aircraft or point-defence capability.,Models close defensive fire,integer parameter,Named Victory at Sea trait family.,System-specific,2026-09-23,local x local; local aa rating special effect families defensive weapon trait
WG-0564,Radar,Targeting & visibility,Sensor trait,"A sensor capability improving detection, targeting or fighting under limited visibility.",Modifies target acquisition,trait / range,Generic sensor keyword across modern and naval games.,Generic,2026-09-23,radar radar detection; fire-control radar targeting & visibility sensor trait
WG-0565,Torpedo Belt,Combat & weapons,Defensive trait,A ship protection trait reducing the effect of torpedo damage.,Specialised damage mitigation,integer / trait,Naval defence keyword.,Generic naval concept,2026-09-23,torpedo belt torpedo protection; anti-torpedo belt combat & weapons defensive trait
WG-0566,Refit,Deployment & army building,Upgrade period,"A dated or optional package that changes a unit's equipment, statistics or traits.",Models equipment change over time,year / points / option,Useful for historical progression and campaign design.,Generic historical concept,2026-09-23,refit refit option; historical refit deployment & army building upgrade period
WG-0567,Slow Speed,Movement,Naval speed band,"A low naval movement rate, commonly a fraction of a vessel's maximum speed.",Low-speed manoeuvring,distance,"Speed band, not the same as Slow keyword.",Generic naval concept,2026-09-23,slow speed one-third speed; slow movement naval speed band
WG-0568,Combat Speed,Movement,Naval speed band,An intermediate naval movement rate between slow and full speed.,Balances manoeuvre and pace,distance,System-specific fraction in Cruel Seas.,Generic naval concept,2026-09-23,combat speed battle speed; combat-speed band movement naval speed band
WG-0569,Full Speed,Movement,Naval speed band,The vessel's maximum normal movement rate.,Maximises movement,distance,Generic naval speed term.,Generic,2026-09-23,full speed maximum speed; full ahead movement naval speed band
WG-0570,Wake Marker,Movement,Speed tracker,A marker placed behind a vessel to record its current speed or wake state.,Externalises naval movement state,marker,Wake may also affect other vessels crossing it.,"System-specific label, generic concept",2026-09-23,wake marker wake; speed wake marker movement speed tracker
WG-0571,Collision,Movement,Collision,An event caused when vessels or vehicles intersect under movement rules.,Creates positional hazard and possible damage,event / impact,"Generic across naval, vehicle and spaceship games.",Generic,2026-09-23,collision ramming collision; collision course movement collision
WG-0572,Maneuver Card,Turn structure,Programmed movement,A card selected to determine a vehicle or ship's future movement.,Programs movement before execution,card / template,Shared design family with Wings of Glory.,Generic programmed-movement concept,2026-09-23,maneuver card manoeuvre card; movement card turn structure programmed movement
WG-0573,Ship Log,Game object,Player aid,"A player aid recording planned manoeuvres, ammunition and ship status.",Centralises hidden/planned state,board / card,"Generic dashboard concept, system-specific name.",System-specific,2026-09-23,ship log ship dashboard; vessel log game object player aid
WG-0574,Time to React,Movement,Programmed movement rule,A movement system where a manoeuvre is planned in one turn and executed later.,Models command/inertia delay,one-turn delay,Useful command-friction mechanic.,"System-specific label, generic concept",2026-09-23,time to react delayed manoeuvre; reaction lag movement programmed movement rule
WG-0575,Veer,Movement,Sailing manoeuvre,A sailing rule governing how wind or manoeuvre constraints alter a ship's course.,Models wind-dependent heading change,direction / card,Keep exact wind geometry tied to source.,System-specific,2026-09-23,veer veer; sailing deviation movement sailing manoeuvre
WG-0576,Taken Aback,Movement,Sailing state,A sailing state caused when a manoeuvre or wind relationship leaves the vessel poorly oriented to the wind.,Penalises movement planning,state,Historical sailing term used as a game state.,Generic Age-of-Sail concept,2026-09-23,taken aback backed; sails aback movement sailing state
WG-0577,Raking Fire,Combat & weapons,Naval attack geometry,A broadside fired along the length of an enemy ship through its bow or stern.,Rewards superior naval positioning,attack geometry,"Often increases damage, especially from the stern.",Generic historical naval concept,2026-09-23,raking fire raking shot; rake combat & weapons naval attack geometry
WG-0578,Broadside,Combat & weapons,Naval fire,The coordinated firing of guns mounted along one side of a ship.,Defines side-based naval attack,weapon side / salvo,May also refer to the physical battery itself.,Generic naval term,2026-09-23,broadside broadside fire; side battery combat & weapons naval fire
WG-0579,Reloading Phase,Turn structure,Phase,A phase or step in which spent weapon systems are made ready and ammunition choices are recorded.,Creates firing cadence,phase,Useful for weapons that cannot fire every turn.,Generic concept,2026-09-23,reloading phase reload phase; reloading step turn structure phase
WG-0580,Ammunition Type,Combat & weapons,Ammunition,A selectable ammunition category changing a weapon's effects or preferred targets.,Creates tactical weapon modes,category / token,"Examples include ball, chain and grapeshot.",Generic,2026-09-23,ammunition type ammo type; shot type combat & weapons ammunition
WG-0581,Ball Shot,Combat & weapons,Ammunition,Solid naval gun ammunition primarily intended to damage hull and structure.,Baseline Age-of-Sail ammunition,ammo type,Historical term used as rules vocabulary.,Generic historical term,2026-09-23,ball shot round shot; solid shot combat & weapons ammunition
WG-0582,Chain Shot,Combat & weapons,Ammunition,Linked or paired shot intended primarily to damage rigging and sails.,Targets mobility/sailing systems,ammo type,Useful subsystem-targeting ammunition family.,Generic historical term,2026-09-23,chain shot chain-shot; rigging shot combat & weapons ammunition
WG-0583,Grapeshot,Combat & weapons,Ammunition,Multi-projectile naval ammunition used at close range against exposed crew.,Targets crew rather than hull,ammo type,Historical ammunition class.,Generic historical term,2026-09-23,grapeshot grape shot; anti-personnel shot combat & weapons ammunition
WG-0584,Sail Status,Movement,Sailing state,A tracked state representing how much sail a vessel is carrying and therefore how it moves.,Links speed and wind to ship state,state / level,Age-of-Sail equivalent of throttle/speed state.,Generic historical concept,2026-09-23,sail status sail setting; sail state movement sailing state
WG-0585,Backing Sails,Movement,Sailing state,"A sail setting/state used while stopping, reversing pressure or recovering from certain conditions.",Modifies manoeuvre execution,state,Historical term with game-specific movement line.,Generic historical concept,2026-09-23,backing sails backing sail; backed sails movement sailing state
WG-0586,Struck Sails,Movement,Sailing state,A state in which a ship has reduced or removed sail and no longer plans normal manoeuvre cards.,Stops or sharply reduces sailing movement,state,Historical term used as formal rules state.,Generic historical concept,2026-09-23,struck sails strike sails; sails struck movement sailing state
WG-0587,Entanglement,Movement,Naval contact state,A state in which vessels become physically fouled or entangled and cannot manoeuvre normally.,Creates persistent contact constraint,state,Generic boarding/naval-collision concept.,Generic,2026-09-23,entanglement entangled ships; fouled movement naval contact state
WG-0588,Altitude,Measurement & spatial,Aerial height,A discrete or measured representation of an aircraft's vertical position.,Adds vertical separation to air combat,levels / stands,"Unlike Blood Red Skies Advantage, this is explicit altitude.",Generic aerial concept,2026-09-23,altitude altitude level; height band measurement & spatial aerial height
WG-0589,Climb Rate,Movement,Aircraft statistic,A rating controlling how quickly an aircraft can gain altitude.,Differentiates vertical performance,rate / counters,Often paired with maximum altitude.,Generic aerial concept,2026-09-23,climb rate climb rate; climb counter rate movement aircraft statistic
WG-0590,Maximum Altitude,Movement,Aircraft statistic,The highest altitude level an aircraft may occupy.,Caps vertical movement,altitude level,Generic aircraft-performance limit.,Generic,2026-09-23,maximum altitude ceiling; altitude ceiling movement aircraft statistic
WG-0591,Damage Card,Damage & morale,Damage component,A card drawn to determine damage amount and possible special effects.,Packages hidden or variable damage results,card,Card-driven damage alternative to dice/tables.,Generic concept,2026-09-23,damage card damage deck card; damage card damage & morale damage component
WG-0592,Special Damage,Damage & morale,Damage effect,A damage result applying an additional persistent effect beyond raw damage.,Adds subsystem/status consequences,symbol / card effect,"Generic family for fire, jam, pilot wound and similar effects.",Generic,2026-09-23,special damage critical damage; special damage result damage & morale damage effect
WG-0593,Ace Ability,Special effect families,Pilot ability,A special ability representing exceptional pilot training or talent.,Differentiates elite pilots,ability / card,Generic aerial character-upgrade concept.,Generic,2026-09-23,ace ability ace skill; pilot ace ability special effect families pilot ability
WG-0594,Airplane Console,Game object,Player aid,"A player aid used to record an aircraft's manoeuvres, damage or status.",Centralises aircraft state,board / console,Generic dashboard component with system-specific layout.,"System-specific label, generic concept",2026-09-23,airplane console aircraft console; plane dashboard game object player aid
WG-0595,Altitude Stand,Game object,Physical state component,A physical stand or peg system used to show an aircraft's current altitude.,Makes vertical state visible on tabletop,stand / peg count,Component-level representation of altitude.,Generic aerial component,2026-09-23,altitude stand flight stand level; altitude peg game object physical state component
WG-0596,Tactical Move,Movement,Movement mode,A normal combat movement rate that preserves the ability to fight effectively.,Baseline modern-armour movement,distance,Contrasts with faster Dash movement.,Generic modern-armour concept,2026-09-23,tactical move tactical; tactical movement movement movement mode
WG-0597,Cross,Movement,Terrain statistic,A unit characteristic indicating how reliably it crosses difficult terrain or obstacles.,Resolves terrain mobility,target number / auto,The test itself is a Cross Check.,"System-specific label, generic concept",2026-09-23,cross cross rating; cross value movement terrain statistic
WG-0598,Cross Check,Movement,Terrain test,A test using the Cross rating when moving through specified difficult terrain.,Gates terrain traversal,die vs Cross,Generic family: terrain traversal test.,"System-specific label, generic concept",2026-09-23,cross check cross test; terrain cross check movement terrain test
WG-0599,Halted Rate of Fire,Combat & weapons,Weapon statistic,The number of shots a weapon makes when the firing team has not moved.,Links attack volume to movement,integer,Paired with Moving ROF.,Generic concept,2026-09-23,halted rate of fire halted rof; stationary rof combat & weapons weapon statistic
WG-0600,Moving Rate of Fire,Combat & weapons,Weapon statistic,The number of shots a weapon makes after the firing team has moved.,Prices mobile fire,integer,Paired with Halted ROF.,Generic concept,2026-09-23,moving rate of fire moving rof; mobile rof combat & weapons weapon statistic
WG-0601,Courage,Damage & morale,Morale statistic,A motivation statistic used for specified morale or recovery checks.,Resolves willingness to continue risky actions,target number,One of several related Motivation subratings.,Generic military concept,2026-09-23,courage courage rating damage & morale morale statistic
WG-0602,Counterattack Rating,Damage & morale,Morale/combat statistic,A motivation statistic used to determine whether a unit continues or returns to close combat after an assault round.,Gates continued assault,target number,Different from a Counter Charge reaction.,"System-specific label, generic concept",2026-09-23,counterattack rating counterattack; counterattack value damage & morale morale/combat statistic
WG-0603,Remount,Damage & morale,Vehicle recovery,A test or rating for returning a bailed-out vehicle crew to action.,Restores temporarily disabled vehicles,target number,Vehicle-specific recovery mechanic.,Generic armour-game concept,2026-09-23,remount remount rating; remount test damage & morale vehicle recovery
WG-0604,Motivation,Game data,Morale profile,"A family of ratings representing morale, courage, counterattack and recovery behaviour.",Groups psychological/crew-quality tests,rating group,Team Yankee profiles split Motivation into several checks.,Generic concept,2026-09-23,motivation motivation rating; morale block game data morale profile
WG-0605,Is Hit On,Combat & weapons,Defence statistic,A target-side characteristic stating the base number an enemy needs to hit the unit.,Stores targetability on defender profile,target number,Different architecture from attacker-side Ballistic Skill.,Generic design concept,2026-09-23,is hit on to-hit defence; target hit rating combat & weapons defence statistic
WG-0606,Front Armour,Combat & weapons,Vehicle defence,A vehicle's armour value against attacks striking its front facing.,Creates facing-sensitive protection,armour value,Part of front/side/rear/top armour family.,Generic,2026-09-23,front armour front armor; frontal armour combat & weapons vehicle defence
WG-0607,Side Armour,Combat & weapons,Vehicle defence,"A vehicle armour value used for attacks striking its side or, in some systems, rear.",Rewards flanking,armour value,Check whether rear has its own value in a given ruleset.,Generic,2026-09-23,side armour side/rear armour; flank armour combat & weapons vehicle defence
WG-0608,Spearhead Deployment,Deployment & army building,Advanced deployment,A rule allowing designated reconnaissance units to move forward and extend where following forces may deploy.,Creates pre-battle spatial advantage,move + deployment extension,Different from generic Scout Move because it modifies the deployment area for others.,"System-specific label, generic concept",2026-09-23,spearhead deployment spearhead; forward deployment screen deployment & army building advanced deployment
WG-0609,Formation,Deployment & army building,Force organisation,A rules grouping of units under a headquarters whose survival can affect force morale or Last Stand.,Creates force-level cohesion,HQ + units,Broader term also used for physical unit shape; context matters.,Generic with multiple senses,2026-09-23,formation formation group; company formation deployment & army building force organisation
WG-0610,Formation HQ,Deployment & army building,Command unit,The headquarters unit anchoring a formation and often affecting formation morale or command.,Provides force-level command node,unit,Generic HQ concept.,Generic,2026-09-23,formation hq hq unit; formation headquarters deployment & army building command unit
WG-0611,Good Spirits,Damage & morale,Formation morale state,A state indicating a unit or formation retains sufficient effective elements to avoid a Last Stand failure.,Tracks formation cohesion,state / threshold,Named Battlefront rules term.,System-specific,2026-09-23,good spirits in good spirits; formation good spirits damage & morale formation morale state
WG-0612,Last Stand,Damage & morale,Morale test,A test made when a unit or formation has been reduced below a required effective strength.,Determines whether depleted forces remain,test,"Generic phrase, specific thresholds vary.",Generic concept,2026-09-23,last stand formation last stand; unit last stand damage & morale morale test
WG-0613,Blitz Move,Movement,Movement order,A short movement order that can allow a unit to reposition while later counting as stationary for some purposes.,Trades test/risk for firing efficiency,short move + test,System-specific movement-order architecture.,System-specific,2026-09-23,blitz move blitz; pre-fire reposition movement movement order
WG-0614,Dig In,Terrain & battlefield,Defensive action,An action used to create prepared defensive positions or foxholes.,Converts time into cover/protection,action / test,Common historical wargame action.,Generic,2026-09-23,dig in digging in; entrench terrain & battlefield defensive action
WG-0615,Gone to Ground,Targeting & visibility,Defensive state,A defensive state representing troops staying concealed and avoiding exposure while not attacking.,Reduces targetability,state,Often lost when shooting or assaulting.,"System-specific label, generic concept",2026-09-23,gone to ground gtg; concealed and inactive targeting & visibility defensive state
WG-0616,Range In,Combat & weapons,Artillery procedure,A procedure used to establish an artillery bombardment's target location before resolving effects.,Gates artillery accuracy,attempts / target number,Generic artillery concept.,Generic,2026-09-23,range in ranging in; artillery ranging combat & weapons artillery procedure
WG-0617,Observer Team,Targeting & visibility,Spotting unit,A specialist team that spots targets and improves or enables artillery bombardments.,Separates observer from firing battery,unit / spotting bonus,More specific than generic Spotter.,Generic military concept,2026-09-23,observer team artillery observer; forward observer team targeting & visibility spotting unit
WG-0618,Artillery Bombardment,Combat & weapons,Artillery attack,A ranged attack resolved as an area bombardment rather than ordinary direct fire.,Provides indirect area fire,template / artillery dice,Generic artillery family.,Generic,2026-09-23,artillery bombardment bombardment; artillery template attack combat & weapons artillery attack
WG-0619,Smoke Bombardment,Combat & weapons,Artillery effect,An artillery bombardment intended to create smoke and block or hinder visibility rather than cause casualties.,Creates temporary LOS/accuracy terrain effect,template / smoke markers,Generic combined-arms mechanic.,Generic,2026-09-23,smoke bombardment smoke mission; smoke artillery combat & weapons artillery effect
WG-0620,Minefield,Terrain & battlefield,Hazard,A defined area containing mines that can inflict hits or restrict movement.,Creates persistent movement hazard,area / marker,Common modern and historical battlefield feature.,Generic,2026-09-23,minefield mine field; mined area terrain & battlefield hazard
WG-0621,Mine Clearing,Terrain & battlefield,Terrain interaction,An action or order used to remove or neutralise a minefield.,Converts time/action into route opening,action / test,Generic engineer mechanic.,Generic,2026-09-23,mine clearing mine-clear order; clear mines terrain & battlefield terrain interaction
WG-0622,Deep Reserves,Deployment & army building,Reserve rule,A reserve rule restricting which heavy or specialised units may begin on the battlefield.,Controls scenario force availability,unit-category restriction,Different from ordinary Reserves timing.,"System-specific label, generic concept",2026-09-23,deep reserves deep reserve; heavy reserve restriction deployment & army building reserve rule
WG-0623,Scattered Reserves,Deployment & army building,Reserve rule,A reserve rule in which arriving units may enter from variable or random locations.,Adds uncertainty to reinforcement position,table edge / random entry,Often combined with Delayed Reserves.,Generic concept,2026-09-23,scattered reserves scattered reserve arrival deployment & army building reserve rule
WG-0624,Delayed Reserves,Deployment & army building,Reserve rule,A reserve rule preventing reinforcements from arriving until later turns or increasing their arrival difficulty.,Delays force availability,turn / arrival roll,Generic scenario family.,Generic,2026-09-23,delayed reserves delayed reserve; delayed reinforcements deployment & army building reserve rule
WG-0625,Meeting Engagement,Objectives & scoring,Scenario rule,A scenario representing opposing forces entering contact before either side is fully established.,Creates deployment/first-turn restrictions,scenario condition,Common historical scenario concept.,Generic,2026-09-23,meeting engagement meeting battle; encounter battle objectives & scoring scenario rule
WG-0626,Preplanned Artillery Target,Targeting & visibility,Artillery preparation,A target location designated before the battle for easier or immediate artillery ranging.,Represents pre-battle fire planning,marker / point,Generic artillery concept.,Generic,2026-09-23,preplanned artillery target pre-registered target; ranged-in marker targeting & visibility artillery preparation
WG-0627,HEAT Ammunition,Combat & weapons,Ammunition,High-Explosive Anti-Tank ammunition whose penetration is based on a shaped-charge effect rather than projectile velocity.,Defines anti-armour ammunition behaviour,trait / penetration,Named to avoid collision with mech Heat Level.,Generic military term,2026-09-23,heat ammunition heat; shaped-charge round combat & weapons ammunition
WG-0628,Laser Rangefinder,Targeting & visibility,Fire-control equipment,Equipment using laser ranging to improve target-distance estimation and gunnery.,Improves firing accuracy/range performance,equipment trait,Modern armoured-warfare equipment keyword.,Generic military term,2026-09-23,laser rangefinder laser range finder; lrf targeting & visibility fire-control equipment
WG-0629,Stabiliser,Combat & weapons,Fire-control equipment,Equipment allowing a vehicle weapon to fire more effectively while moving.,Reduces movement-fire penalty,equipment trait,Generic vehicle-gunnery concept.,Generic,2026-09-23,stabiliser stabilizer; gun stabilisation combat & weapons fire-control equipment
WG-0630,Thermal Imaging,Targeting & visibility,Sensor equipment,A sensor capability using thermal imaging to detect or engage targets under limited visibility.,Improves target acquisition,equipment trait,Generic modern sensor term.,Generic,2026-09-23,thermal imaging thermal sight; ti targeting & visibility sensor equipment
WG-0631,Bailed Out,Damage & morale,Vehicle state,A state in which a vehicle remains on the battlefield but its crew has temporarily abandoned or ceased operating it.,Temporary vehicle disablement,state,Distinct from destroyed or merely damaged.,Generic armour-game concept,2026-09-23,bailed out bailed; crew bailed out damage & morale vehicle state
WG-0632,Initiative Marker,Turn structure,Activation order marker,A numbered marker drawn and assigned to determine vehicle activation order.,Randomises then records initiative sequence,numbered marker,Different from a simple initiative roll.,"System-specific label, generic concept",2026-09-23,initiative marker initiative token; numbered initiative turn structure activation order marker
WG-0633,Radio Check,Resolution & tests,Command test,A test representing whether vehicles can coordinate through radio communications.,Determines access to better initiative information/control,test,Generic command-and-control mechanic.,Generic,2026-09-23,radio check communications check; radio test resolution & tests command test
WG-0634,Buttoned Up,Damage & morale,Vehicle crew state,"A tank crew state with hatches closed, trading situational awareness for protection.",Trades spotting/options for crew safety,state,Classic armour-game state.,Generic armour term,2026-09-23,buttoned up buttoned; hatches closed damage & morale vehicle crew state
WG-0635,Unbuttoned,Damage & morale,Vehicle crew state,A tank crew state with the commander exposed for improved observation or weapon use at increased risk.,Trades protection for awareness,state,Opposite of Buttoned Up.,Generic armour term,2026-09-23,unbuttoned open hatch; commander exposed damage & morale vehicle crew state
WG-0636,Movement Order,Movement,Programmed movement,A declared intention controlling a vehicle's later direction of movement.,Programs facing-sensitive movement,order,"Examples include Forward, Reverse, Turn and Halt.",Generic vehicle concept,2026-09-23,movement order driving order; vehicle movement order movement programmed movement
WG-0637,Forward Order,Movement,Vehicle order,An order directing a vehicle to move forward when its movement is executed.,Controls directional movement,order,System-specific named order.,System-specific,2026-09-23,forward order forward movement order movement vehicle order
WG-0638,Reverse Order,Movement,Vehicle order,An order directing a vehicle to move backwards.,Controls directional movement,order,Facing-sensitive vehicle movement.,System-specific,2026-09-23,reverse order reverse movement order movement vehicle order
WG-0639,Halt Order,Movement,Vehicle order,An order directing a vehicle not to translate from its position during its movement execution.,Trades movement for firing/position benefit,order,Different from generic Remain Stationary because it is part of a programmed order system.,System-specific,2026-09-23,halt order halt; stop order movement vehicle order
WG-0640,Tactical Action,Turn structure,Action economy,"A secondary action performed around a vehicle's main movement, such as fine positioning.",Adds flexible minor actions,action,System-specific action class but generic design pattern.,Generic concept,2026-09-23,tactical action tactical action; secondary vehicle action turn structure action economy
WG-0641,Movement Action,Movement,Action economy,The primary action used to execute a vehicle's movement order.,Separates main movement from tactical adjustments,action,"Generic label, here used as a formal action class.",Generic,2026-09-23,movement action vehicle movement action; move action movement action economy
WG-0642,Crew Test,Resolution & tests,Vehicle crew test,A test against crew ability used to perform demanding vehicle actions.,Models crew competence,test,Generic vehicle-game resolution family.,Generic,2026-09-23,crew test crew skill test; crew check resolution & tests vehicle crew test
WG-0643,Scoot,Movement,Tactical movement,A short additional forward or backward movement generated by a tactical action.,Creates reactive micro-repositioning,2D6-derived distance,System-specific name for a bonus-move family.,System-specific,2026-09-23,scoot scoot action; short reposition movement tactical movement
WG-0644,Stamina Threshold,Damage & morale,Unit durability threshold,A casualty threshold after which a unit becomes Shaken and increasingly vulnerable to break tests.,Converts accumulated hits into cohesion degradation,integer casualties,Different semantic use from character Health/Stamina.,"System-specific label, generic concept",2026-09-23,stamina threshold stamina; stamina value damage & morale unit durability threshold
WG-0645,Shaken,Damage & morale,Cohesion state,"A state entered when a formation reaches its stamina/casualty threshold, making it more vulnerable to breaking.",Models combat exhaustion and cohesion loss,state,Very common historical/fantasy mass-battle term.,Generic,2026-09-23,shaken shaken unit; shaken state damage & morale cohesion state
WG-0646,Combat Break Test,Damage & morale,Morale test,"A post-combat test using combat result and unit condition to determine recoil, disorder or destruction.",Converts combat outcome into morale movement/removal,2D6 + modifiers,Specific implementation of generic Break Test.,Generic concept,2026-09-23,combat break test break test; combat break damage & morale morale test
WG-0647,Morale Save,Combat & weapons,Defence resolution,A save made against hits using a unit's morale/protection value before casualties are recorded.,Mitigates hits,target number,"Hail Caesar uses Morale as a defensive save concept, unlike morale tests in many games.",System-specific semantic use,2026-09-23,morale save morale saving throw; armour/morale save combat & weapons defence resolution
WG-0648,Give Ground,Movement,Combat recoil,A combat result forcing a unit to move backwards without necessarily breaking.,Creates positional consequence from combat,fixed distance,Common historical mass-battle concept.,Generic,2026-09-23,give ground recoil; fall back in combat movement combat recoil
WG-0649,Give Ground in Good Order,Movement,Combat recoil,A controlled backward movement after combat that avoids some disorder penalties.,Differentiates orderly from disrupted retreat,fixed distance + state,Useful graded-morale outcome.,Generic concept,2026-09-23,give ground in good order recoil in good order; orderly withdrawal movement combat recoil
WG-0650,Disordered,Damage & morale,Cohesion state,"A temporary formation state that restricts movement, orders or combat effectiveness.",Models disrupted formation/cohesion,state,Related to Disrupted but terminology/procedure differs.,Generic,2026-09-23,disordered disorder; disordered state damage & morale cohesion state
WG-0651,Combat Support,Combat & weapons,Formation support,A nearby friendly unit contributes dice or affects combat/break outcomes without being the primary fighting unit.,Rewards formation depth,support dice / position,Distinct from generic support-fire concepts.,Generic mass-battle concept,2026-09-23,combat support supporting unit; support combat & weapons formation support
WG-0652,Support Dice,Combat & weapons,Combat statistic,Additional combat dice contributed by supporting units.,Quantifies formation support,integer dice,Only useful where support does not attack using its full normal profile.,Generic,2026-09-23,support dice support attacks; support dice combat & weapons combat statistic
WG-0653,Clash Value,Combat & weapons,Melee statistic,A formation's attack-dice value for the first round or initial clash of close combat.,Front-loads charge/first-contact performance,integer dice,Paired with Sustained Value.,"System-specific label, generic concept",2026-09-23,clash value clash; initial-combat attacks combat & weapons melee statistic
WG-0654,Sustained Value,Combat & weapons,Melee statistic,A formation's attack-dice value for later rounds of an ongoing close combat.,Separates initial impact from prolonged melee,integer dice,Paired with Clash Value.,"System-specific label, generic concept",2026-09-23,sustained value sustained; ongoing-combat attacks combat & weapons melee statistic
WG-0655,Follow Up,Movement,Post-combat movement,"A victorious unit advances after an enemy gives ground, maintaining pressure or contact.",Converts victory into positional pursuit,distance,Common mass-battle pursuit mechanic.,Generic,2026-09-23,follow up follow-up move; pursue movement post-combat movement
WG-0656,Open Order,Measurement & spatial,Formation state,A dispersed formation state allowing easier movement through rough terrain at the cost of some battlefield characteristics.,Changes terrain/formation interactions,formation state,Historical tactical formation family.,Generic historical concept,2026-09-23,open order open-order formation; dispersed order measurement & spatial formation state
WG-0657,Pike Block,Game object,Formation type,A dense formed pike unit with specialised movement and disorder interactions.,Creates weapon/formation-specific rules,formation type,Historical formation term used directly as rules vocabulary.,Generic historical term,2026-09-23,pike block pike formation; pike block game object formation type
WG-0658,Division Break,Damage & morale,Force morale,A force-level failure state triggered when enough units in a division are lost or broken.,Creates cascading formation defeat,percentage / threshold,Generic higher-echelon morale mechanic.,Generic,2026-09-23,division break broken division; formation break damage & morale force morale
WG-0659,Resist,Combat & weapons,Defence statistic,A characteristic tested after a hit to determine whether the model resists harm.,Prevents casualties,target number / stat,Different from armour-save-only systems because bonuses and Strike Value modify the test.,Generic concept,2026-09-23,resist res; resistance stat combat & weapons defence statistic
WG-0660,Strike Value,Combat & weapons,Weapon statistic,A weapon or attack value that penalises the target's Resist test.,Quantifies attack severity,integer,Comparable design role to penetration/damage power.,Generic concept,2026-09-23,strike value sv; strike combat & weapons weapon statistic
WG-0661,Recovery Test,Damage & morale,State recovery,A test used to remove or release a persistent order/state such as Down.,Returns units to normal readiness,test,Generic state-recovery mechanic.,Generic,2026-09-23,recovery test recover; recovery check damage & morale state recovery
WG-0662,Exchange of Missiles,Combat & weapons,Combat step,A simultaneous ranged-weapon exchange occurring as part of close combat before hand-to-hand attacks.,Integrates ranged weapons into assault resolution,combat step,Useful ancient/fantasy skirmish concept.,"System-specific label, generic concept",2026-09-23,exchange of missiles missile exchange; pre-melee missiles combat & weapons combat step
WG-0663,Berserk,Special effect families,Morale/melee keyword,A trait representing extreme aggression that improves close combat and resistance to orders or fear until broken.,Boosts melee while altering morale behaviour,trait,Very common fantasy/historical keyword family.,Generic,2026-09-23,berserk berserker; berserk state special effect families morale/melee keyword
WG-0664,Blundering,Special effect families,Movement keyword,A trait imposing movement unreliability or agility tests on fast movement and obstacles.,Adds movement friction,trait / test,Distinct from command-system Blunder result.,"System-specific label, generic concept",2026-09-23,blundering blunder; clumsy special effect families movement keyword
WG-0665,Challenge,Special effect families,Melee keyword,A rule allowing a model to initiate a focused duel or challenge during close combat.,Creates sub-combat between individual models,special melee resolution,Common fantasy mass-battle concept.,Generic,2026-09-23,challenge duel challenge; champion challenge special effect families melee keyword
WG-0666,Choking,Special effect families,Damage keyword,A damaging effect that denies specified armour or cover protection.,Bypasses defensive bonuses,trait,Specific label; broader family is defence-bypass attack.,"System-specific label, generic concept",2026-09-23,choking choke; no-cover effect special effect families damage keyword
WG-0667,Command Stat,Game data,Command statistic,A characteristic used for order tests or shared command effects.,Quantifies leadership/control,target number / stat,Different from Command Points as a spendable resource.,Generic,2026-09-23,command stat command; command characteristic game data command statistic
WG-0668,Dread,Special effect families,Fear keyword,A fear-like trait imposing attack or break-test penalties on enemies.,Creates psychological debuff,trait / modifier,Keep distinct from Terror where both exist.,Generic fantasy concept,2026-09-23,dread dreaded; dread aura special effect families fear keyword
WG-0669,Disciplined,Special effect families,Morale keyword,A trait allowing a unit to shed suppression/pins more effectively when rallying.,Improves morale recovery,trait,Generic troop-quality family.,Generic,2026-09-23,disciplined discipline; disciplined troops special effect families morale keyword
WG-0670,Ferocious Charge,Special effect families,Charge keyword,A trait improving attack strength on the charge.,Rewards initial impact,modifier on charge,Generic shock-charge family.,Generic,2026-09-23,ferocious charge ferocious charge; charge strength bonus special effect families charge keyword
WG-0671,Frenzied Charge,Special effect families,Charge keyword,A trait granting additional attacks when charging.,Rewards aggressive engagement,extra attacks,Similar family to Impact but resolved as extra melee attacks.,Generic,2026-09-23,frenzied charge frenzied charge; extra attack charge special effect families charge keyword
WG-0672,Follow,Special effect families,Command keyword,A rule allowing nearby friendly units to activate with the same order after another unit activates.,Creates linked/chained activations,range + order,Generic command-synchronisation concept.,"System-specific label, generic concept",2026-09-23,follow follow order; chained activation special effect families command keyword
WG-0673,Monstrosity Dice,Turn structure,Activation resource,A special rule giving a single large creature multiple Order Dice and therefore multiple activation opportunities.,Gives one model multiple activations,integer dice,Useful design pattern for boss/monster action economy.,"System-specific label, generic concept",2026-09-23,monstrosity dice mod; multiple order dice turn structure activation resource
WG-0674,Overhead Fire,Targeting & visibility,Indirect trajectory,A ranged-attack property allowing fire over intervening units or terrain under special restrictions.,Enables high-trajectory attacks,trait / modifier,Generic artillery/archery concept.,Generic,2026-09-23,overhead fire overhead; lobbed shot targeting & visibility indirect trajectory
WG-0675,Pavise,Special effect families,Defensive equipment,A deployable large shield granting substantial cover while restricting mobility.,Trades movement for protection,equipment / state,Historical equipment used as rules keyword.,Generic historical concept,2026-09-23,pavise pavisse; large shield special effect families defensive equipment
WG-0676,Rapid Sprint,Special effect families,Mobility keyword,A trait increasing maximum sprint distance above the normal sprint multiple.,Enhances burst mobility,movement multiplier,Named mobility keyword.,System-specific,2026-09-23,rapid sprint rapid sprint; 4m sprint special effect families mobility keyword
WG-0677,Shieldwall,Measurement & spatial,Formation state,A defensive formation improving protection while restricting agility or movement.,Trades mobility for defence,formation state,Common historical/fantasy formation family.,Generic,2026-09-23,shieldwall shield wall; shield-wall formation measurement & spatial formation state
WG-0678,Stampede,Movement,Forced/random movement,An uncontrolled movement event that can trample units in its path and leave the unit disordered or down.,Creates hazardous random movement,random direction + distance,Common monster/cavalry design family.,Generic,2026-09-23,stampede stampeding; uncontrolled charge movement forced/random movement
WG-0679,Stubborn,Special effect families,Morale keyword,A trait improving removal of pins or other morale pressure when tests are passed.,Improves suppression recovery,trait,Common wargaming keyword family.,Generic,2026-09-23,stubborn stubborn troops special effect families morale keyword
WG-0680,Terror,Special effect families,Fear keyword,A severe fear effect that impedes recovery and can destroy already broken/routing enemies at close range.,Creates high-intensity morale pressure,radius / trait,Stronger tier than Dread in this ruleset.,Generic fantasy concept,2026-09-23,terror terrifying; terror aura special effect families fear keyword
WG-0681,Unstoppable Shot,Special effect families,Weapon trait,A powerful ranged attack with enhanced penetration/damage-table effects or the ability to continue through targets.,Creates high-impact projectile behaviour,trait,Exact implementation varies widely.,Generic concept,2026-09-23,unstoppable shot unstoppable; unstoppable projectile special effect families weapon trait
WG-0682,Venomous,Special effect families,Damage keyword,A trait causing additional harm when an attack successfully hits.,Adds conditional damage,trait,Close family to Poison but not identical in every ruleset.,Generic,2026-09-23,venomous venom; poisonous attack special effect families damage keyword
WG-0683,Zealous,Special effect families,Morale keyword,A trait allowing a unit to ignore some suppression effects on break tests and improve order reliability.,Improves morale/order resilience,trait,Generic fanaticism keyword family.,Generic,2026-09-23,zealous zeal; fanatic special effect families morale keyword
WG-0684,Woodsman,Special effect families,Terrain keyword,A trait improving cover and movement while operating in wooded terrain.,Creates terrain specialisation,trait,Generic terrain-affinity concept.,Generic,2026-09-23,woodsman woodland fighter; forest adept special effect families terrain keyword
WG-0685,Zombie Master,Special effect families,Command keyword,A command trait allowing normal command/hero effects to work on zombie units that otherwise ignore them.,Creates exception to faction restriction,trait / aura,System-specific fantasy keyword.,System-specific,2026-09-23,zombie master undead commander; zombie controller special effect families command keyword
WG-0686,Caster X,Special effect families,Magic resource keyword,A parameterised magic trait generating spell points that are spent to cast spells.,Creates renewable magic resource,integer spell points,Generic fantasy magic-resource family.,Generic fantasy concept,2026-09-23,caster x caster(x); spellcaster special effect families magic resource keyword
WG-0687,Fear X,Special effect families,Morale keyword,A parameterised fear trait that improves a model's effective combat result or imposes morale pressure.,Converts terror into combat-resolution advantage,integer parameter,Exact implementation varies widely.,Generic fantasy concept,2026-09-23,fear x fear(x); fear value special effect families morale keyword
WG-0688,Fearless,Special effect families,Morale keyword,A trait improving or bypassing morale failure.,Increases morale reliability,trait / reroll,Very common cross-system keyword.,Generic,2026-09-23,fearless fearless; immune to fear special effect families morale keyword
WG-0689,Furious,Special effect families,Charge keyword,A trait generating extra offensive effect from strong hit results while charging.,Rewards aggressive melee,critical/extra hits,Generic charge-enhancement family.,Generic,2026-09-23,furious fury charge; furious assault special effect families charge keyword
WG-0690,Lance,Special effect families,Weapon trait,A weapon trait that increases armour penetration or damage when charging.,Charge-dependent anti-armour weapon,trait / modifier,Common cavalry keyword.,Generic,2026-09-23,lance lance weapon; charging lance special effect families weapon trait
WG-0691,Relentless,Special effect families,Shooting keyword,A trait generating additional ranged hits from strong attack rolls when firing under specified conditions.,Rewards stationary or sustained shooting,extra hits,Close family to Sustained Hits but distinct trigger/label.,Generic,2026-09-23,relentless relentless fire; sustained shooter special effect families shooting keyword
WG-0692,Entrenched,Special effect families,Defensive keyword,A defensive state or trait representing a unit in prepared positions and harder to hit at range.,Improves ranged defence when stationary,state / modifier,"Related to Dig In, which is an action creating the state.",Generic,2026-09-23,entrenched entrenched unit; dug-in state special effect families defensive keyword
WG-0693,Aim Token,Combat & weapons,Attack resource,Temporary token spent to improve attack efficiency.,Short-term offensive resource,token,Exact spend effect varies.,"System-specific label, generic concept",2026-09-23,aim token aim; aim marker combat & weapons attack resource
WG-0694,Dodge Token,Combat & weapons,Defence resource,Temporary token spent to reduce or avoid incoming attack results.,Short-term defensive resource,token,Separate from Dodge tests/actions.,"System-specific label, generic concept",2026-09-23,dodge token dodge; dodge marker combat & weapons defence resource
WG-0695,Standby Token,Turn structure,Reaction resource,Token showing a unit is prepared for a qualifying reaction.,Stores a future reaction,token,Reaction-resource family.,"System-specific label, generic concept",2026-09-23,standby token standby; reaction token turn structure reaction resource
WG-0696,Suppression Token,Damage & morale,Suppression marker,Marker recording accumulated battlefield suppression.,Tracks soft damage and action/morale pressure,token count,Related to Pin but distinct label.,Generic concept,2026-09-23,suppression token suppression; suppression marker damage & morale suppression marker
WG-0697,Vehicle Damage Token,Damage & morale,Vehicle state marker,Marker recording a vehicle impairment state.,Tracks non-lethal vehicle impairment,token,Separate from wounds/destruction.,"System-specific label, generic concept",2026-09-23,vehicle damage token vehicle damage; damage token damage & morale vehicle state marker
WG-0698,Recover Action,Turn structure,Recovery action,Action used to clear temporary negative states or ready spent equipment.,State/resource recovery,action,Reusable recovery-action pattern.,Generic concept,2026-09-23,recover action recover; ready action turn structure recovery action
WG-0699,Faceup Order Token,Turn structure,Order state,Open token showing a unit has received a command assignment.,Records explicit command allocation,token state,Distinct from activation marker.,System-specific,2026-09-23,faceup order token face-up order; issued order turn structure order state
WG-0700,Convert Attack Surges,Resolution & tests,Dice conversion step,Step converting surge faces into attack results according to profile.,Transforms special die faces,die-face conversion,Symbol-conversion dice architecture.,"System-specific label, generic concept",2026-09-23,convert attack surges attack surge conversion resolution & tests dice conversion step
WG-0701,Surge: Hit,Combat & weapons,Dice conversion profile,Profile property converting attack surge results into hits.,Raises offensive reliability,die-face conversion,Surge-conversion family.,System-specific,2026-09-23,surge: hit surge to hit; offensive surge combat & weapons dice conversion profile
WG-0702,Lethal X,Special effect families,Attack keyword,Parameterised keyword letting offensive resources improve defence penetration.,Resource-to-penetration conversion,integer,Exact conversion remains ruleset-specific.,System-specific,2026-09-23,lethal x lethal; lethal rating special effect families attack keyword
WG-0703,Precise X,Special effect families,Attack keyword,Parameterised keyword improving efficiency of Aim-style resources.,Improves reroll efficiency,integer,Precision family.,System-specific,2026-09-23,precise x precise; precise rating special effect families attack keyword
WG-0704,Coordinate,Special effect families,Command keyword,Passes or issues an order to another eligible nearby unit after receiving one.,Chains command allocation,range/restriction,Command-network family.,Generic concept with system label,2026-09-23,coordinate coordinate order; pass order special effect families command keyword
WG-0705,Retinue,Special effect families,Proximity keyword,Rewards a unit for remaining near a specified commander or associated unit.,Creates proximity synergy,range/named unit,Leader-retinue family.,Generic concept,2026-09-23,retinue retinue keyword; bodyguard link special effect families proximity keyword
WG-0706,Target X,Special effect families,Aim generation keyword,Grants Aim-style resources when a unit receives an order.,Turns command into preparation,integer tokens,Named Legion keyword.,System-specific,2026-09-23,target x target; target rating special effect families aim generation keyword
WG-0707,Demoralize X,Special effect families,Morale keyword,Applies suppression pressure to nearby enemy units.,Projects morale pressure,integer/range,Demoralisation family.,"System-specific label, generic concept",2026-09-23,demoralize x demoralize; demoralise special effect families morale keyword
WG-0708,Compel,Special effect families,Command keyword,Allows a pressured friendly unit to perform an additional or restricted action under specified conditions.,Overrides action restriction,keyword/range,Timing is ruleset-specific.,System-specific,2026-09-23,compel compel keyword special effect families command keyword
WG-0709,Ram X,Special effect families,Melee keyword,Parameterised impact keyword improving melee results from momentum.,Rewards impact melee,integer,Charge/impact family.,"System-specific label, generic concept",2026-09-23,ram x ram; impact rating special effect families melee keyword
WG-0710,Command Card,Turn structure,Command component,Card selected to issue orders and provide a round-level tactical effect.,Combines initiative/orders/effects,card,Card-driven command architecture.,Generic concept,2026-09-23,command card command card; order card turn structure command component
WG-0711,Operative,Game object,Unit role,Independent specialist or character force-organisation role.,Classifies elite independent units,unit role,Reusable force slot concept.,"System-specific label, generic concept",2026-09-23,operative operative unit; specialist character game object unit role
WG-0712,Commander,Game object,Unit role,Designated command unit interacting with army order mechanics.,Provides force command role,unit role,Privileges vary by ruleset.,Generic,2026-09-23,commander commander unit; command model game object unit role
WG-0713,Wound,Damage & morale,Damage unit,Discrete unit of injury or damage assigned to a model or unit.,Measures accumulated harm,integer/token,Separate from Wound Roll.,Generic,2026-09-23,wound wound point; wound marker damage & morale damage unit
WG-0714,Exhausted Upgrade,Deployment & army building,Upgrade state,Upgrade in a spent state that must be readied before reuse.,Creates ability cooldown,card state,Exhausted/ready component pattern.,Generic concept,2026-09-23,exhausted upgrade exhausted card; spent upgrade deployment & army building upgrade state
WG-0715,Unit Strength,Objectives & scoring,Scoring statistic,Value representing how strongly a unit contributes to objectives.,Weights objective control,integer,Different from combat Strength.,Generic concept,2026-09-23,unit strength us; scoring strength objectives & scoring scoring statistic
WG-0716,Steady,Damage & morale,Morale state,Unit has not reached wavering or routing threshold and acts normally.,Baseline morale state,state,Opposes Wavered/Routed.,Generic concept,2026-09-23,steady steady state damage & morale morale state
WG-0717,Nerve Test,Damage & morale,Morale test,Test combining accumulated damage and dice against morale thresholds.,Converts damage into morale outcome,2D6 + damage,Kings of War architecture.,"System-specific label, generic concept",2026-09-23,nerve test nerve check damage & morale morale test
WG-0718,Wavering Limit,Damage & morale,Morale threshold,Lower morale threshold causing temporary impairment.,Intermediate morale failure,threshold,Paired with Routing Limit.,"System-specific label, generic concept",2026-09-23,wavering limit wavering threshold damage & morale morale threshold
WG-0719,Routing Limit,Damage & morale,Morale threshold,Higher morale threshold causing routing/removal.,Terminal morale failure,threshold,Paired with Wavering Limit.,"System-specific label, generic concept",2026-09-23,routing limit routing threshold damage & morale morale threshold
WG-0720,Devastated,Damage & morale,Degradation state,Unit remains despite damage above its routing threshold and suffers severe degradation.,Degrades survivor above threshold,state,Exceptional survival state.,"System-specific label, generic concept",2026-09-23,devastated devastated state damage & morale degradation state
WG-0721,Counter Charge,Movement,Charge action,"Charge by a unit already engaged with the chosen enemy, relaxing normal charge requirements.",Lets engaged units attack back,charge action,Different from Counterattack Rating.,Generic concept,2026-09-23,counter charge countercharge; return charge movement charge action
WG-0722,Sidestep,Movement,Movement order,Moves a formed unit laterally while preserving general facing.,Controlled lateral repositioning,distance,Rank-and-flank movement concept.,Generic concept,2026-09-23,sidestep side step; lateral move movement movement order
WG-0723,Back Order,Movement,Movement order,Moves a formed unit backwards while maintaining facing.,Controlled rearward movement,distance,Separate from vehicle Reverse Order.,Generic concept,2026-09-23,back order back; reverse order movement movement order
WG-0724,Ensnare,Special effect families,Defensive keyword,Makes frontal melee attacks against the unit less accurate.,Front-arc melee defence,modifier,Entangling-defence family.,"System-specific label, generic concept",2026-09-23,ensnare ensnaring defence special effect families defensive keyword
WG-0725,Shambling,Special effect families,Movement keyword,Movement trait changing how slow or unnatural troops interact with movement effects.,Alternative mobility rules,trait,Exact restrictions vary.,Generic fantasy concept,2026-09-23,shambling shamble; shambling movement special effect families movement keyword
WG-0726,Change Facing,Movement,Movement order,Rotates or reorients a formed unit without a normal advance.,Reorients arcs and future movement,rotation,Formation movement concept.,Generic,2026-09-23,change facing reform; change face movement movement order
WG-0727,Weight Class,Game data,Unit classification,"Categorical mass class such as light, medium, heavy or assault.",Classifies scale and role,category,Vehicle/mech classification.,Generic concept,2026-09-23,weight class weight category game data unit classification
WG-0728,Element,Game object,Subunit,Individual component unit within a larger formation.,Atomic unit inside formation,unit entry,Operational/formation term.,Generic concept,2026-09-23,element combat element; formation element game object subunit
WG-0729,Base To-Hit,Combat & weapons,Attack statistic,Unmodified target number used as the starting point for an attack roll.,Baseline accuracy,target number,Before range/situation modifiers.,Generic concept,2026-09-23,base to-hit base target number combat & weapons attack statistic
WG-0730,Armour/Structure,Damage & morale,Layered durability,Paired durability profile separating external protection from underlying structure.,Creates layered damage track,points/boxes,Vehicle/mech damage architecture.,Generic concept,2026-09-23,armour/structure armor/structure damage & morale layered durability
WG-0731,Special Ability,Game data,Profile ability field,Profile field listing coded special capabilities.,Extensible rules hooks,keyword/code,Generic profile architecture.,Generic,2026-09-23,special ability spc. ability; special rule code game data profile ability field
WG-0732,Short Range Damage,Combat & weapons,Range-bracket damage,Weapon-output value used in the short range bracket.,Stores damage by range,integer,Paired with medium/long values.,Generic design concept,2026-09-23,short range damage short damage; sht damage combat & weapons range-bracket damage
WG-0733,Medium Range Damage,Combat & weapons,Range-bracket damage,Weapon-output value used in the medium range bracket.,Stores damage by range,integer,Range-profile architecture.,Generic design concept,2026-09-23,medium range damage medium damage; med damage combat & weapons range-bracket damage
WG-0734,Long Range Damage,Combat & weapons,Range-bracket damage,Weapon-output value used in the long range bracket.,Stores damage by range,integer,Range-profile architecture.,Generic design concept,2026-09-23,long range damage long damage; lng damage combat & weapons range-bracket damage
WG-0735,Energy Weapon,Combat & weapons,Weapon classification,Profile code identifying energy-based armament for technology-specific rules.,Weapon-tech rules hook,keyword/code,BattleForce uses ENE code.,Generic sci-fi concept,2026-09-23,energy weapon ene; energy weapon combat & weapons weapon classification
WG-0736,CASE,Special effect families,Damage-control equipment,Protected ammunition-storage equipment intended to limit catastrophic ammunition damage.,Mitigates ammunition explosions,equipment keyword,BattleTech-specific acronym.,System-specific,2026-09-23,case cellular ammunition storage equipment special effect families damage-control equipment
WG-0737,Order Pool,Turn structure,Activation resource,Shared pool of orders generated by eligible troops and spent to activate troops in the same command group.,Shared activation economy,order tokens / count,Contrasts with unit-bound orders.,"System-specific label, generic concept",2026-09-23,order pool pooled orders; activation pool turn structure activation resource
WG-0738,Regular Order,Turn structure,Activation resource,An order contributed to a shared pool by an eligible regular troop.,Generates flexible activation currency,order token,Reusable pooled-action design pattern.,"System-specific label, generic concept",2026-09-23,regular order regular activation order turn structure activation resource
WG-0739,Irregular Order,Turn structure,Activation resource,An order tied to its generating troop rather than added to the shared order pool.,Creates restricted activation currency,order token,Useful contrast with pooled orders.,"System-specific label, generic concept",2026-09-23,irregular order irregular activation order turn structure activation resource
WG-0740,Lieutenant Special Order,Turn structure,Command resource,A special order generated by an active lieutenant and reserved for eligible command use.,Leader-linked activation resource,order token,Leader economy distinct from ordinary pooled orders.,System-specific,2026-09-23,lieutenant special order lieutenant order; lt order turn structure command resource
WG-0741,Combat Group,Turn structure,Command grouping,A subset of an army with its own independent activation resources.,Partitions activation economy,group / roster partition,Useful for limiting order sharing.,Generic concept,2026-09-23,combat group order group; activation group turn structure command grouping
WG-0742,Reactive Player,Turn structure,Player role,The opponent who may declare reactions during the active player's actions.,Defines reaction-side permissions,player state,Core reactive-turn concept.,Generic concept,2026-09-23,reactive player reacting player; non-active player turn structure player role
WG-0743,ARO,Turn structure,Reaction mechanic,A reaction opportunity generated for an eligible enemy troop by an active troop's declared actions.,Interrupt/reaction activation,reaction declaration,A defining Infinity term with broad design relevance.,"System-specific label, generic concept",2026-09-23,aro automatic reaction order; reaction order turn structure reaction mechanic
WG-0744,Order Expenditure Sequence,Turn structure,Resolution sequence,"Structured sequence for spending an activation resource, declaring actions and reactions, resolving rolls and applying effects.",Controls timing and information flow,ordered steps,Useful timing-framework term.,"System-specific label, generic concept",2026-09-23,order expenditure sequence order sequence; activation sequence turn structure resolution sequence
WG-0745,Face to Face Roll,Resolution & tests,Opposed test,A roll in which opposing successful results directly cancel or defeat one another.,Resolves direct opposition,dice vs dice / success values,Distinct from an unopposed Normal Roll.,"System-specific label, generic concept",2026-09-23,face to face roll ftf roll; opposed roll resolution & tests opposed test
WG-0746,Normal Roll,Resolution & tests,Unopposed test,A test resolved against its own success criteria without an opposing roll cancelling results.,Resolves non-opposed actions,die vs target value,Contrasts with Face to Face Roll.,Generic concept,2026-09-23,normal roll unopposed roll resolution & tests unopposed test
WG-0747,Success Value,Resolution & tests,Target number,The modified characteristic value used to determine whether a die result succeeds.,Defines test threshold,number,Generic roll-under/threshold vocabulary.,Generic concept,2026-09-23,success value success threshold; target value resolution & tests target number
WG-0748,Open Information,Information,Information state,Game information that must be available to both players.,Controls disclosure,information class,Paired with Private Information.,Generic concept,2026-09-23,open information public information information information state
WG-0749,Private Information,Information,Information state,Game information a player may keep concealed until rules require disclosure.,Supports bluffing and uncertainty,information class,Designer-facing information architecture.,Generic concept,2026-09-23,private information hidden information; secret information information information state
WG-0750,Courtesy List,Deployment & army building,Information aid,A version of an army list containing the information an opponent is entitled to know before or during play.,Separates public roster data from secrets,list/document,Useful hidden-information tournament concept.,"System-specific label, generic concept",2026-09-23,courtesy list public army list; disclosure list deployment & army building information aid
WG-0751,Loss of Lieutenant,Damage & morale,Command state,Army-wide disruption caused by losing or lacking its designated lieutenant.,Degrades command economy,army state,Generic command-decapitation mechanic.,"System-specific label, generic concept",2026-09-23,loss of lieutenant command loss; leader loss state damage & morale command state
WG-0752,Retreat!,Damage & morale,Army state,Force-wide endgame or degraded state triggered when surviving force value falls below a threshold.,Models army-level collapse,VP/points threshold,Different from a unit Fall Back action.,"System-specific label, generic concept",2026-09-23,retreat! retreat state; force break state damage & morale army state
WG-0753,Null State,Damage & morale,State family,Category of states in which a troop no longer contributes normally to play or activation resources.,Groups incapacitated states,state class,Useful state taxonomy.,Generic concept,2026-09-23,null state inactive state; non-functional state damage & morale state family
WG-0754,Camouflaged State,Information,Hidden-unit state,State representing a troop as an information-concealing marker rather than an identified model.,Conceals identity and complicates targeting,marker state,Separate from generic camouflage modifier.,"System-specific label, generic concept",2026-09-23,camouflaged state camouflage marker state; camo state information hidden-unit state
WG-0755,Hidden Deployment,Deployment & army building,Deployment method,Deployment method in which a unit's position or existence is recorded secretly rather than placed openly.,Creates positional uncertainty,secret position / record,Generic hidden-deployment family.,Generic concept,2026-09-23,hidden deployment hidden setup; secret deployment deployment & army building deployment method
WG-0756,Discover,Information,Detection action,Action used to identify or reveal a concealed enemy marker or hidden state.,Counter-concealment action,test/action,Generic detection mechanic.,Generic concept,2026-09-23,discover spot; reveal action information detection action
WG-0757,Reset,Electronic warfare,Defensive action,"Defensive action used to resist or clear certain electronic, hacking or control effects.",Cyber/EW defence and recovery,test/action,Useful modern/sci-fi EW vocabulary.,Generic concept,2026-09-23,reset systems reset; defensive reset electronic warfare defensive action
WG-0758,Hacking Area,Electronic warfare,Network range,"Area in which a hacker can affect valid targets, potentially extended through network nodes such as repeaters.",Defines non-LOS cyber reach,zone / network,Network topology as tabletop geometry.,"System-specific label, generic concept",2026-09-23,hacking area hacking zone; network attack area electronic warfare network range
WG-0759,Repeater,Electronic warfare,Network node,Device or unit that extends a hacker's effective network area.,Extends cyber/EW reach,node / zone,Strong design term for relay-based ranges.,Generic sci-fi concept,2026-09-23,repeater network repeater; hacking relay electronic warfare network node
WG-0760,Deployable Repeater,Electronic warfare,Deployable network node,Placed device that creates or extends a hacking/network area from a new position.,Creates temporary network geometry,deployable marker / zone,Combines deployable terrain and EW.,"System-specific label, generic concept",2026-09-23,deployable repeater deployable network relay electronic warfare deployable network node
WG-0761,Targeted State,Electronic warfare,Targeting state,State marking a unit as electronically designated for improved or enabled attacks.,Creates cross-system targeting synergy,state/marker,Generic target-designation family.,Generic concept,2026-09-23,targeted state target lock; designated state electronic warfare targeting state
WG-0762,Isolated State,Electronic warfare,Command-disruption state,State representing a troop cut off from normal command or network support.,Disrupts resource sharing and command,state/marker,Generic comms-disruption family.,Generic concept,2026-09-23,isolated state isolated; comms isolation electronic warfare command-disruption state
WG-0763,Suppressive Fire State,Combat & weapons,Fire posture,Persistent firing posture that trades normal freedom for reactive area denial or altered shooting performance.,Creates area-denial posture,state / weapon mode,Distinct from suppression markers.,Generic concept,2026-09-23,suppressive fire state suppression stance; suppressive state combat & weapons fire posture
WG-0764,Intuitive Attack,Combat & weapons,Detection-bypass attack,"Attack method allowing an attacker to engage a concealed threat without first fully identifying it, normally through a test or restriction.",Combines detection and attack risk,attack/test,Useful anti-concealment mechanic.,"System-specific label, generic concept",2026-09-23,intuitive attack blind attack; intuitive fire combat & weapons detection-bypass attack
WG-0765,Cautious Movement,Movement,Stealth movement,Movement mode intended to cross a dangerous observation gap without granting a normal reaction when conditions are met.,Trades movement constraints for reaction avoidance,movement distance/action,Reactive-game movement concept.,Generic concept,2026-09-23,cautious movement cautious move; careful move movement stealth movement
WG-0766,Forward Observer,Electronic warfare,Targeting role,Specialist role that designates enemy targets for subsequent attacks or support effects.,Creates spotting/fire-support link,skill/role,Generic artillery and sci-fi targeting concept.,Generic concept,2026-09-23,forward observer fo; target designator electronic warfare targeting role
WG-0767,Coordinated Order,Turn structure,Multi-unit activation,Command expenditure that lets several units perform a coordinated set of actions under shared restrictions.,Enables bounded group activation,command resource / unit count,Hybrid between single activation and mass activation.,Generic concept,2026-09-23,coordinated order coordinated activation turn structure multi-unit activation
WG-0768,Command Token,Turn structure,Command resource,"Limited strategic resource spent to alter command, activation or deployment procedures.",Meta-activation resource,token/count,Broader than an ordinary order.,Generic concept,2026-09-23,command token command point token; command resource turn structure command resource
WG-0769,Minimum Speed,Movement,Movement constraint,Minimum distance a model must travel when moving.,Forces momentum,distance,Common naval/aircraft movement concept.,Generic concept,2026-09-23,minimum speed min speed; compulsory speed movement movement constraint
WG-0770,Maximum Speed,Movement,Movement constraint,Maximum distance a model may travel during its movement.,Caps mobility,distance,Generic movement statistic.,Generic,2026-09-23,maximum speed max speed; speed limit movement movement constraint
WG-0771,Lateral Engines,Movement,Movement system,Movement system permitting a sideways displacement without changing facing.,Adds lateral manoeuvring,distance/system,Useful naval/sci-fi manoeuvre term.,"System-specific label, generic concept",2026-09-23,lateral engines side-thrust; lateral thrusters movement movement system
WG-0772,Slowed,Movement,Movement state,Temporary state reducing a unit's action capacity and/or maximum movement.,Applies mobility degradation,state/marker,Different from Slow as permanent trait.,Generic concept,2026-09-23,slowed slow state; speed-reduced state movement movement state
WG-0773,Generator Effect Token,Special effect families,State marker,Marker showing a temporary generator-produced state or effect on a unit.,Tracks temporary system effects,token,Generic equipment-state marker pattern.,"System-specific label, generic concept",2026-09-23,generator effect token generator token; system effect token special effect families state marker
WG-0774,Action Dice,Resolution & tests,Dice pool,"Dice rolled to resolve actions, with different faces or grades producing different effect levels.",Core resolution currency,dice pool,Generic dice-pool term.,Generic concept,2026-09-23,action dice action die; action pool resolution & tests dice pool
WG-0775,Standard Strike,Resolution & tests,Success grade,Basic success grade on an action die.,Produces baseline effect,die result,Part of graded-success dice system.,"System-specific label, generic concept",2026-09-23,standard strike standard success; standard hit resolution & tests success grade
WG-0776,Heavy Strike,Resolution & tests,Success grade,Higher success grade producing a stronger effect than a standard strike.,Produces enhanced effect,die result,Graded-success vocabulary.,"System-specific label, generic concept",2026-09-23,heavy strike heavy success; heavy hit resolution & tests success grade
WG-0777,Exploding Strike,Resolution & tests,Exploding success grade,High-grade die result that produces strong effects and may trigger additional dice/effects.,Creates open-ended or bonus resolution,die result,Related to exploding dice but source uses a named result.,"System-specific label, generic concept",2026-09-23,exploding strike exploding success; exploding hit resolution & tests exploding success grade
WG-0778,Disorder,Damage & morale,Degradation track,Accumulating state representing disruption that impairs a unit without necessarily causing direct damage.,Tracks operational disruption,levels/markers,Soft-damage track distinct from hull damage.,Generic concept,2026-09-23,disorder disorder level; disorder marker damage & morale degradation track
WG-0779,Repair Roll,Damage & morale,Recovery test,Roll used to remove or mitigate critical damage effects.,Converts repair capacity into recovery,dice pool/test,Generic damage-control mechanic.,Generic concept,2026-09-23,repair roll damage-control roll; repair test damage & morale recovery test
WG-0780,Reserve Roll,Deployment & army building,Arrival test,Roll determining whether and where a reserve unit enters play.,Controls reinforcement timing/location,dice pool/test,Generic reserve uncertainty mechanic.,Generic concept,2026-09-23,reserve roll reserve arrival roll deployment & army building arrival test
WG-0781,Broadside Roll,Combat & weapons,Naval attack roll,Attack roll built from the broadside ratings of participating flank batteries.,Aggregates flank firepower,dice pool,Naval battery-resolution term.,"System-specific label, generic concept",2026-09-23,broadside roll broadside attack roll combat & weapons naval attack roll
WG-0782,Critical Damage Effect,Damage & morale,Critical damage,Persistent or discrete impairment caused by a critical damage result.,Adds subsystem consequences beyond raw damage,effect/state,Generic vehicle/naval damage architecture.,Generic concept,2026-09-23,critical damage effect critical effect; critical damage state damage & morale critical damage
WG-0783,Anti-Ship,Combat & weapons,Target-role keyword,Weapon trait optimised for attacking capital ships while performing poorly against smaller craft.,Differentiates target classes,keyword/modifier,Fleet target-role keyword.,Generic concept,2026-09-23,anti-ship anti-ship weapon combat & weapons target-role keyword
WG-0784,Anti-Squadron,Combat & weapons,Target-role keyword,Weapon trait optimised for attacking small craft or squadrons while performing poorly against ships.,Differentiates target classes,keyword/modifier,Fleet target-role keyword.,Generic concept,2026-09-23,anti-squadron anti-squadron weapon; point defence role combat & weapons target-role keyword
WG-0785,Boarding Pod,Combat & weapons,Boarding weapon,Weapon that delivers boarding forces or boarding markers instead of conventional direct damage.,Creates delayed internal attack,weapon / marker,Useful boarding-action family.,Generic sci-fi concept,2026-09-23,boarding pod boarding torpedo; assault pod combat & weapons boarding weapon
WG-0786,Boarding Marker,Damage & morale,Persistent attack marker,Marker representing hostile boarders continuing to threaten a ship over later activations.,Creates damage-over-time boarding pressure,marker/count,Persistent hostile-state mechanic.,Generic concept,2026-09-23,boarding marker boarding token; boarding party marker damage & morale persistent attack marker
WG-0787,Anti-Ship Weapon Role,Combat & weapons,Weapon role,Design classification for weapons efficient against large vessels but inefficient against small craft.,Encodes target specialisation,role/category,Canonical generic concept derived from Anti-Ship.,Generic design concept,2026-09-23,anti-ship weapon role ship-killer role combat & weapons weapon role
WG-0788,Twin-Fire,Combat & weapons,Multi-target keyword,Weapon rule allowing one weapon system to attack two different targets in the same firing event.,Enables multi-target engagement,two targets,Distinct from simply having two attacks.,"System-specific label, generic concept",2026-09-23,twin-fire split fire; twin target fire combat & weapons multi-target keyword
WG-0789,Rogue Squadron,Turn structure,Activation trait,Small-craft trait allowing activation outside the normal squadron phase with reduced action options.,Trades timing flexibility for action limits,trait/phase,Useful phase-breaking activation mechanic.,Generic concept,2026-09-23,rogue squadron rogue; off-phase squadron turn structure activation trait
WG-0790,Scan,Detection & sensors,Sensor statistic,A ship statistic representing the reach of its own sensors.,Contributes to target acquisition range,distance,Pairs with target Signature rather than acting as weapon range.,"System-specific label, generic concept",2026-09-23,scan sensor range; scan value detection & sensors sensor statistic
WG-0791,Signature,Detection & sensors,Detectability statistic,A value representing how detectable a ship is to enemy sensors.,Extends or limits enemy acquisition range,distance,Generic signature-management concept.,Generic concept,2026-09-23,signature signature value; sensor signature detection & sensors detectability statistic
WG-0792,Minor Spike,Detection & sensors,Detection marker,A temporary increase in a ship's detectable signature.,Makes a ship easier to acquire,marker / distance bonus,Lower tier of a graded detection-state mechanic.,System-specific,2026-09-23,minor spike minor signature spike; spike detection & sensors detection marker
WG-0793,Major Spike,Detection & sensors,Detection marker,A stronger temporary increase in a ship's detectable signature.,Greatly increases detectability,marker / distance bonus,Higher tier of the Spike family.,System-specific,2026-09-23,major spike major signature spike detection & sensors detection marker
WG-0794,Silent Running,Detection & sensors,Stealth order,An operating mode that suppresses a ship's detectable signature at the cost of other capabilities.,Trades actions/firepower for stealth,order/state,Generic emissions-control design family.,Generic concept with system label,2026-09-23,silent running silent running order; emissions control detection & sensors stealth order
WG-0795,Active Scan,Detection & sensors,Sensor action,An active sensor action used to expose or increase the detectability of another ship.,Trades own exposure/action economy for detection,action/order,Useful radar/sonar-style active sensing family.,Generic concept,2026-09-23,active scan active sensor sweep; active scan order detection & sensors sensor action
WG-0796,Weapons Free,Turn structure,Special order,An aggressive operating order allowing unusually broad weapon use while increasing exposure.,Trades stealth/mobility constraints for firepower,order,Common military phrase used here as a rules order.,Generic concept,2026-09-23,weapons free weapons-free order turn structure special order
WG-0797,Station Keeping,Movement,Special order,A movement order allowing a ship to remain nearly stationary or move slowly while retaining limited combat capability.,Controls low-speed positioning,order / fraction of thrust,Space/naval manoeuvre family.,Generic concept,2026-09-23,station keeping hold station; station-keeping order movement special order
WG-0798,Course Change,Movement,Special order,A manoeuvre order that exchanges some combat freedom for additional turning capability.,Increases heading-change freedom,order / turn angle,Useful facing-based movement term.,Generic concept,2026-09-23,course change course-change order movement special order
WG-0799,Max Thrust,Movement,Special order,A high-speed order that increases movement beyond normal thrust while restricting other actions.,Trades combat output for speed,order / multiple of thrust,Space equivalent of sprint/flank speed.,Generic concept,2026-09-23,max thrust maximum thrust; flank thrust movement special order
WG-0800,Orbital Layer,Terrain & environment,Vertical position band,A discrete vertical band used to represent different orbital heights or atmospheric positions.,Abstracts three-dimensional position,ordinal layer,Useful alternative to continuous altitude.,Generic design concept,2026-09-23,orbital layer orbit layer; altitude layer terrain & environment vertical position band
WG-0801,Close Action,Combat & weapons,Range class,A weapon category intended for very short-range ship combat and often interacting with point defence.,Defines close-range naval/space weapon role,range class,Not synonymous with melee.,"System-specific label, generic concept",2026-09-23,close action close-action weapon combat & weapons range class
WG-0802,Point Defence,Combat & weapons,Defensive weapon system,"Defensive fire intended to intercept close threats such as bombers, missiles or boarding assets.",Intercepts incoming attack assets,rating / dice,Generic naval/space/air-defence concept.,Generic,2026-09-23,point defence pd; point-defense combat & weapons defensive weapon system
WG-0803,Launch Asset,Game object,Auxiliary attack unit,A launched token or craft operating from a carrier rather than as a normal capital ship weapon.,Extends carrier attacks beyond direct weapons,token / launch rating,"Covers fighters, bombers and similar assets.",Generic concept,2026-09-23,launch asset launch asset; fighter/bomber asset game object auxiliary attack unit
WG-0804,Troop Quality,Game data,Training statistic,A die-rated measure of a unit's training and battlefield competence.,Sets core task/combat die quality,die type,Die-step quality architecture.,Generic concept,2026-09-23,troop quality tq; quality die game data training statistic
WG-0805,Confidence Level,Damage & morale,Morale trigger statistic,A rating describing how readily battlefield events force a unit to test morale.,Controls morale-test sensitivity,category,Separate from Morale itself.,Generic concept,2026-09-23,confidence level confidence; confidence rating damage & morale morale trigger statistic
WG-0806,Supply Level,Logistics,Supply statistic,A rating representing how well supplied a force or unit is.,Modifies sustained combat capability,category,Useful logistics abstraction without tracking individual rounds.,Generic concept,2026-09-23,supply level supply; supply rating logistics supply statistic
WG-0807,Reaction Test,Turn structure,Reaction resolution,A test used to determine the outcome or priority of an action-and-reaction interaction.,Resolves interruptive opposition,opposed dice/test,Useful reactive-turn architecture.,Generic concept,2026-09-23,reaction test reaction check; opposed reaction turn structure reaction resolution
WG-0808,Initiative Level,Turn structure,Initiative statistic,A force-level rating used when determining initiative or action priority.,Sets side-level tempo/priority,die type / rating,Separate from individual model Initiative.,Generic concept,2026-09-23,initiative level initiative die; initiative rating turn structure initiative statistic
WG-0809,Patrol Phase,Deployment & army building,Pre-game phase,A pre-battle phase in which abstract patrol positions establish the contested deployment space.,Turns scouting into dynamic deployment,phase,Fog-of-war deployment architecture.,"System-specific label, generic concept",2026-09-23,patrol phase scouting phase deployment & army building pre-game phase
WG-0810,Patrol Marker,Deployment & army building,Scouting marker,An abstract marker representing the forward reach of scouting before troops deploy.,Defines deployment influence without placing units,marker,Used to derive later deployment points.,System-specific,2026-09-23,patrol marker patrol point; scouting marker deployment & army building scouting marker
WG-0811,Jump-Off Point,Deployment & army building,Deployment anchor,A battlefield point from which friendly troops can enter or deploy.,Creates flexible hidden deployment anchors,marker / point,Distinct from fixed table-edge deployment.,"System-specific label, generic concept",2026-09-23,jump-off point jop; jump off point deployment & army building deployment anchor
WG-0812,Command Dice,Turn structure,Command resource,Dice rolled to determine which command elements can activate and which command effects become available.,Randomises activation capacity,dice pool,Command-and-control dice architecture.,Generic concept,2026-09-23,command dice command die; activation dice turn structure command resource
WG-0813,Chain of Command Point,Turn structure,Stored command resource,A point accumulated from command-die results and spent on special command effects.,Stores unused/random command opportunity,points / track,Distinct from generic Command Point by accumulation method.,System-specific,2026-09-23,chain of command point coc point; command point track turn structure stored command resource
WG-0814,Support Points,Deployment & army building,Force-building resource,Scenario-provided points spent on optional support assets before play.,Balances and customises scenario forces,points,Scenario-specific reinforcement budget.,Generic concept,2026-09-23,support points support allowance deployment & army building force-building resource
WG-0815,Force Morale,Damage & morale,Army-level morale,A force-wide morale track representing the army's willingness and ability to continue the action.,Links local losses to command degradation,track / integer,Different scale from unit Morale.,Generic concept,2026-09-23,force morale force morale track; fm damage & morale army-level morale
WG-0816,Suppressing Fire,Combat & weapons,Fire mode,Fire intended primarily to restrict enemy action rather than maximise casualties.,Applies action/movement pressure,attack mode / marker,Generic modern-combat concept.,Generic,2026-09-23,suppressing fire suppression fire; suppressive fire combat & weapons fire mode
WG-0817,Stunned Leader,Damage & morale,Leader condition,A condition indicating a leader is temporarily incapacitated or impaired.,Temporarily degrades command capacity,condition/marker,Leader-specific soft casualty state.,Generic concept,2026-09-23,stunned leader stunned leader marker damage & morale leader condition
WG-0818,Replen Point,Logistics,Replenishment resource,A tracked resource used to restore or replenish depleted battlefield capability.,Abstracts resupply/recovery,points,Current Chain of Command 2 terminology.,System-specific,2026-09-23,replen point replenishment point; replen point logistics replenishment resource
WG-0819,ADC,Command & control,Command resource,"An abstract command resource representing a commander, staff work and aides available for tasking.",Allocates command influence across brigades,integer/dice-generated resource,Not simply the historical staff officer; functions as a command currency.,System-specific abstraction,2026-09-23,adc aide-de-camp resource; adc die command & control command resource
WG-0820,Aide-de-Camp,Command & control,Command role,A staff officer or abstract staff function carrying a commander's influence to subordinate formations.,Represents transmitted command effort,role/resource,Historical term with mechanical abstraction in some rules.,Generic historical concept,2026-09-23,aide-de-camp adc; staff officer command & control command role
WG-0821,Command Tasking,Command & control,Command allocation,Assignment of a limited command resource to a specific battlefield function or formation.,Turns command capacity into selected bonuses/orders,resource assignment,Useful generic command-allocation term.,Generic concept,2026-09-23,command tasking adc tasking; staff task command & control command allocation
WG-0822,Hesitant,Command & control,Command state,"A formation state indicating delayed, uncertain or restricted execution of orders.",Represents command friction,state,Different from morale wavering.,Generic concept,2026-09-23,hesitant hesitant brigade; hesitation command & control command state
WG-0823,Artillery Assault Fire,Combat & weapons,Artillery command task,A command task that concentrates artillery effort into a deliberate preparatory bombardment.,Creates command-driven artillery concentration,tasking,Napoleonic command/fire coordination concept.,"System-specific label, generic concept",2026-09-23,artillery assault fire assault fire tasking; bombardment tasking combat & weapons artillery command task
WG-0824,Skirmishers Tasking,Command & control,Command task,A command allocation used to strengthen or improve a formation's skirmishing capability.,Converts staff attention into screen strength,tasking,Command-resource-to-capability pattern.,"System-specific label, generic concept",2026-09-23,skirmishers tasking skirmisher reinforcement; skirmish tasking command & control command task
WG-0825,Battalion,Game object,Formation echelon,A military formation echelon commonly used as a manoeuvre unit in horse-and-musket rules.,Defines tactical unit scale,formation echelon,Generic historical formation term.,Generic,2026-09-23,battalion battalion unit game object formation echelon
WG-0826,Brigade,Game object,Formation echelon,"A formation of multiple battalions or equivalent units, often the lowest independent tactical command.",Defines command hierarchy,formation echelon,Generic operational/tactical term.,Generic,2026-09-23,brigade brigade command; brigade formation game object formation echelon
WG-0827,Fatigue Point,Damage & morale,Suppression/fatigue resource,A point of accumulated strain that progressively reduces a unit's ability to act.,Soft damage / action degradation,integer/marker,Related to suppression but can also be self-inflicted by pushing.,Generic concept,2026-09-23,fatigue point fatigue; fatigue marker damage & morale suppression/fatigue resource
WG-0828,Reload Marker,Combat & weapons,Weapon readiness marker,A marker showing that a weapon requires one or more reload actions before it can fire normally again.,Tracks multi-action weapon preparation,marker/count,Useful for black-powder and heavy-weapon cadence.,Generic concept,2026-09-23,reload marker reload; reload point combat & weapons weapon readiness marker
WG-0829,Resolve Test,Damage & morale,Morale test,A morale-style test made after harmful events to determine accumulated fatigue or loss of cohesion.,Converts casualties/shock into fatigue,d10 test,Generic resolve family.,Generic concept,2026-09-23,resolve test resolve check damage & morale morale test
WG-0830,Strike Point,Objectives & scoring,Force-break resource,A force-level point accumulated from losses or scenario setbacks.,Tracks progress toward army defeat,points,Connects casualties/objectives to break test.,"System-specific label, generic concept",2026-09-23,strike point strike marker; force strike point objectives & scoring force-break resource
WG-0831,Strike Test,Damage & morale,Army-level morale test,A force-level test triggered when accumulated strike pressure becomes sufficiently unfavourable.,Determines whether the force concedes/breaks,test,Army-break test family.,"System-specific label, generic concept",2026-09-23,strike test force break test; strike check damage & morale army-level morale test
WG-0832,Full Volley,Combat & weapons,Fire mode,"Firing a weapon or unit at full prepared output, usually creating a larger reload burden.",Trades immediate firepower for later reload cost,fire mode,Black-powder cadence concept.,Generic concept,2026-09-23,full volley full discharge; full volley fire combat & weapons fire mode
WG-0833,Half Volley,Combat & weapons,Fire mode,Firing only part of a prepared volley to reduce the subsequent reload burden.,Trades lower immediate output for faster readiness,fire mode,Useful staged-ammunition mechanic.,Generic concept,2026-09-23,half volley partial volley; half discharge combat & weapons fire mode
WG-0834,Push Action,Turn structure,Extra-action mechanic,An extra action taken beyond the normal activation allowance by accepting fatigue or another cost.,Converts future efficiency into immediate tempo,action + fatigue cost,Generic push-your-luck action economy.,Generic concept,2026-09-23,push action push; pushed action turn structure extra-action mechanic
WG-0835,Activation Deck,Turn structure,Activation component,A deck of cards used to determine initiative timing and the number or quality of actions available to units.,Combines initiative with action allowance,card deck,Card-driven activation architecture.,Generic concept,2026-09-23,activation deck activation cards; initiative deck turn structure activation component
WG-0836,Covert,Targeting & visibility,Information state,A fighter state in which the enemy has not yet located or identified the model for normal reactions and attacks.,See v7 research batch,varies,Merged from the separately researched v7 batch.,See source provenance,2026-09-23,covert detection information state
WG-0837,Detected,Targeting & visibility,Information state,A fighter state showing that an enemy has successfully located the model.,See v7 research batch,varies,Merged from the separately researched v7 batch.,See source provenance,2026-09-23,detected detection information state
WG-0838,Alert Marker,Targeting & visibility,Detection marker,A marker or die result representing noise or other behaviour that risks exposing a covert fighter.,See v7 research batch,varies,Merged from the separately researched v7 batch.,See source provenance,2026-09-23,alert marker detection detection marker
WG-0839,Quiet Die,Resolution & tests,Special die,A die associated with quiet behaviour that can help a fighter remain or become covert.,See v7 research batch,varies,Merged from the separately researched v7 batch.,See source provenance,2026-09-23,quiet die dice special die
WG-0840,Noisy Die,Resolution & tests,Special die,A die associated with conspicuous actions and a chance of exposing the acting fighter.,See v7 research batch,varies,Merged from the separately researched v7 batch.,See source provenance,2026-09-23,noisy die dice special die
WG-0841,Roving Patrol,Movement,Patrol movement,A patrol movement whose direction is partly random unless nearby detected enemies influence it.,See v7 research batch,varies,Merged from the separately researched v7 batch.,See source provenance,2026-09-23,roving patrol movement patrol movement
WG-0842,Patrol Route,Movement,Patrol movement,A path established for a sentry to follow while no stronger information redirects it.,See v7 research batch,varies,Merged from the separately researched v7 batch.,See source provenance,2026-09-23,patrol route movement patrol movement
WG-0843,Raise the Alarm,Turn structure,Escalation state,A scenario transition in which defenders become aware of an attack and gain broader combat permissions.,See v7 research batch,varies,Merged from the separately researched v7 batch.,See source provenance,2026-09-23,raise the alarm turn structure escalation state
WG-0844,Action Token,Turn structure,Action marker,A token used to track or regulate a fighter's actions within the turn sequence.,See v7 research batch,varies,Merged from the separately researched v7 batch.,See source provenance,2026-09-23,action token turn structure action marker
WG-0845,Time Token,Turn structure,Scenario timer,A token used to track the passage of scenario time or progress through the turn sequence.,See v7 research batch,varies,Merged from the separately researched v7 batch.,See source provenance,2026-09-23,time token turn structure scenario timer
WG-0846,Trauma,Damage & morale,Degradation state,"A non-fatal combat consequence representing minor injury, suppression or shock that removes action capacity and can accumulate.",See v7 research batch,varies,Merged from the separately researched v7 batch.,See source provenance,2026-09-23,trauma damage / morale degradation state
WG-0847,Trauma Roll,Damage & morale,Damage test,A roll resolving whether an attack survivor suffers trauma rather than immediate removal.,See v7 research batch,varies,Merged from the separately researched v7 batch.,See source provenance,2026-09-23,trauma roll damage / morale damage test
WG-0848,Sneak,Movement,Stealth movement,A slow movement action designed to preserve concealment while repositioning.,See v7 research batch,varies,Merged from the separately researched v7 batch.,See source provenance,2026-09-23,sneak movement stealth movement
WG-0849,Roving Patrol Move,Movement,Information-limited movement,A semi-random defender movement used when the model lacks a nearby detected enemy to pursue.,See v7 research batch,varies,Merged from the separately researched v7 batch.,See source provenance,2026-09-23,roving patrol move movement information-limited movement
WG-0850,Order Card,Turn structure,Command card,"A card that temporarily alters action sequencing, such as allowing linked or consecutive actions.",See v7 research batch,varies,Merged from the separately researched v7 batch.,See source provenance,2026-09-23,order card turn structure command card
WG-0851,Event Card,Turn structure,Event component,A card representing an unusual occurrence or defensive intervention introduced during play.,See v7 research batch,varies,Merged from the separately researched v7 batch.,See source provenance,2026-09-23,event card turn structure event component
WG-0852,Veteran Card,Deployment & army building,Persistent upgrade,"A card assigning improved abilities or equipment to a particular fighter, potentially persisting through campaign play.",See v7 research batch,varies,Merged from the separately researched v7 batch.,See source provenance,2026-09-23,veteran card army building persistent upgrade
WG-0853,Patrol Direction,Movement,Direction result,A generated direction used to determine how an information-limited patrol moves.,See v7 research batch,varies,Merged from the separately researched v7 batch.,See source provenance,2026-09-23,patrol direction movement direction result
WG-0854,Detection Threshold,Targeting & visibility,Escalation threshold,A required amount of detected enemy activity before a wider alarm or response state is triggered.,See v7 research batch,varies,Merged from the separately researched v7 batch.,See source provenance,2026-09-23,detection threshold detection escalation threshold
WG-0855,Variable-Length Bound,Turn structure,Initiative structure,A turn structure in which the amount of activity before initiative changes is not fixed in advance.,Creates variable-duration player control,sequence structure,Useful alternative to fixed turns and fixed action counts.,Generic design concept,2026-09-23,variable-length bound variable bound; endless bound turn structure initiative structure
WG-0856,Reactive Fire,Combat & weapons,Reaction attack,Fire declared by the non-active side in response to enemy movement or another qualifying action.,Lets defenders interrupt enemy activity,reaction attack,Distinct from overwatch when no prior ready action is required.,Generic concept,2026-09-23,reactive fire reaction fire; interrupt fire combat & weapons reaction attack
WG-0857,Fire Group Leader,Command & control,Fire coordination role,A designated stand used as the local anchor for combining nearby units into coordinated fire.,Defines which units may pool fire,leader role / proximity,A temporary coordination role rather than necessarily a command model.,"System-specific label, generic concept",2026-09-23,fire group leader fgl; fire-group leader command & control fire coordination role
WG-0858,Moving Group Leader,Command & control,Movement coordination role,A designated stand used to coordinate several nearby stands as one movement group.,Enables multi-unit movement,leader role / proximity,Movement counterpart to a fire-group leader.,"System-specific label, generic concept",2026-09-23,moving group leader group leader; movement group leader command & control movement coordination role
WG-0859,Unmeasured Movement,Movement,Movement model,Movement resolved by terrain relationships or movement conditions rather than a fixed measured distance.,Removes distance measurement from ordinary movement,topological / terrain based,Useful for terrain-dense tactical games.,Generic design concept,2026-09-23,unmeasured movement feature-to-feature movement; rulerless movement movement movement model
WG-0860,Initiative Transfer,Turn structure,Initiative transition,A rules event that ends one side's run of actions and gives control to the opponent.,Controls variable-length activation sequences,triggered state change,May be caused by failed actions or successful enemy reactions.,Generic design concept,2026-09-23,initiative transfer initiative pass; change of initiative turn structure initiative transition
WG-0861,Bridge Command,Command & control,Ship order,An order available to the player commanding an individual ship.,Translates player intent into ship-level manoeuvre or operational instructions,order / command,SEEKRIEG distinguishes ship-level Bridge Commands from higher Flag Commands.,Generic naval concept,2026-09-23,bridge command ship command; bridge order command & control ship order
WG-0862,Flag Command,Command & control,Formation order,A higher-level naval order used to direct ships or formations from flag command.,Coordinates multiple vessels,order / command,Useful distinction between platform command and formation command.,Generic naval concept,2026-09-23,flag command flag order; formation command command & control formation order
WG-0863,Bridge Command Rating,Command & control,Command statistic,A rating representing the effectiveness of command aboard an individual ship.,Quantifies ship-level command performance,rating / ordinal,Separate from crew skill and damage-control capability.,"System-specific label, generic concept",2026-09-23,bridge command rating command rating; bridge rating command & control command statistic
WG-0864,Flag Command Rating,Command & control,Formation command statistic,A rating representing the effectiveness of higher naval command over a formation.,Quantifies formation-level command performance,rating / ordinal,Separates admiral/formation command from individual ship command.,"System-specific label, generic concept",2026-09-23,flag command rating flag rating; admiral command rating command & control formation command statistic
WG-0865,Crew Rating,Game data,Personnel quality statistic,A rating representing the overall proficiency of a ship's crew.,Feeds operational and combat performance,rating / ordinal,Generic personnel-quality statistic for vehicles and vessels.,Generic concept,2026-09-23,crew rating crew quality; crew proficiency game data personnel quality statistic
WG-0866,Damage Control Rating,Damage & morale,Recovery statistic,A rating representing a vessel's ability to contain and repair battle damage.,Governs post-hit recovery and damage mitigation,rating / modifier,Distinct from armour or structure because it acts after damage occurs.,Generic naval concept,2026-09-23,damage control rating dc rating; damage-control capability damage & morale recovery statistic
WG-0867,Visibility Code,Targeting & visibility,Environment code,A coded representation of current visibility conditions used by detection and sighting procedures.,Compresses environmental visibility into a reusable rules value,code / category,"Can combine weather, daylight and atmospheric conditions.",Generic design concept,2026-09-23,visibility code visibility condition code targeting & visibility environment code
WG-0868,Signal Visibility,Command & control,Communication range,The distance or condition under which visual signals can be observed by another unit.,Constrains visual command and communication,range / visibility condition,Useful for pre-radio and degraded-communications games.,Generic concept,2026-09-23,signal visibility visibility of signals; signalling range command & control communication range
WG-0869,Operational Reduction,Environment & terrain,Weather effect,A percentage or graded reduction in shipboard operations caused by adverse weather or sea conditions.,Turns environmental severity into capability loss,percentage / modifier,Can affect both general operations and weapon accuracy.,Generic design concept,2026-09-23,operational reduction reduction of operations; weather degradation environment & terrain weather effect
WG-0870,Radar Visibility,Targeting & visibility,Sensor visibility,The maximum or effective distance at which a target can be detected by radar under the applicable conditions.,Defines sensor-based detection envelope,distance / range,Different from visual visibility and from a target's signature statistic.,Generic concept,2026-09-23,radar visibility radar detection range; radar visibility range targeting & visibility sensor visibility
WG-0871,Target Detection Probability,Targeting & visibility,Detection statistic,A probability used to determine whether a potential contact becomes successfully detected.,Resolves uncertain acquisition,percentage / die target,Separates being within possible detection range from actually obtaining a contact.,Generic design concept,2026-09-23,target detection probability detection probability; spotting probability targeting & visibility detection statistic
WG-0872,Searchlight Illumination,Targeting & visibility,Night-fighting aid,Artificial illumination used to make a target sufficiently visible for night engagement.,Temporarily improves target visibility,range / illumination state,A night-combat acquisition mechanic rather than ordinary terrain lighting.,Generic concept,2026-09-23,searchlight illumination illumination for gunfire; searchlight acquisition targeting & visibility night-fighting aid
WG-0873,Speed Loss During Manoeuvre,Movement,Momentum penalty,A reduction in effective speed caused by turning or manoeuvring.,Models energy or momentum loss during course changes,speed reduction / percentage,"Useful for ships, aircraft and high-speed vehicles.",Generic design concept,2026-09-23,speed loss during manoeuvre turn speed loss; manoeuvre speed loss movement momentum penalty
WG-0874,Impulse Movement Segment,Movement,Segmented movement,One subdivision of a turn used to distribute movement according to current speed and manoeuvre orders.,Interleaves movement over smaller time slices,segment / distance,Useful for simultaneous-feeling vehicle and naval movement.,Generic design concept,2026-09-23,impulse movement segment movement impulse; impulse segment movement segmented movement
WG-0875,Fire Control System,Combat & weapons,Targeting system,A weapon-control system or classification used to determine how effectively a platform can direct gunfire.,Links sensing and gunnery accuracy,system class / rating,Separate from the weapon itself and from general crew quality.,Generic concept,2026-09-23,fire control system fcs; fire-control classification combat & weapons targeting system
WG-0876,Ammunition Loadout,Logistics & supply,Ammunition allocation,The quantity and mixture of ammunition types carried at the start of an engagement.,Constrains sustained fire and ammunition choice,rounds / percentage / mix,Supports historically asymmetric ammunition stocks.,Generic concept,2026-09-23,ammunition loadout ammo load; ammunition mix logistics & supply ammunition allocation
WG-0877,Sea State Code,Environment & terrain,Weather state,"A categorical code representing sea conditions for use by movement, detection and weapon procedures.",Provides a shared environmental state,category / code,Useful for linking one weather value to several subsystems.,Generic naval concept,2026-09-23,sea state code sea state; beaufort sea state environment & terrain weather state
WG-0878,Pin Marker,Morale,Modifier,A marker representing suppression or battlefield pressure that degrades a unit's effectiveness.,Modifier used in Bolt Action.,varies,Imported from supplied terminology after source/provenance check. Frequency supplied: High.,"System-specific label, generic concept",2026-09-23,pin marker pin morale modifier
WG-0879,LMG,Abbreviation,Abbreviation,"Abbreviation for light machine gun, typically a squad-support automatic weapon.",Abbreviation used in Bolt Action / General.,varies,Imported from supplied terminology after source/provenance check. Frequency supplied: Medium.,"System-specific label, generic concept",2026-09-23,lmg lmg abbreviation abbreviation
WG-0880,MMG,Abbreviation,Abbreviation,"Abbreviation for medium machine gun, typically a sustained-fire support weapon.",Abbreviation used in Bolt Action / General.,varies,Imported from supplied terminology after source/provenance check. Frequency supplied: Medium.,"System-specific label, generic concept",2026-09-23,mmg mmg abbreviation abbreviation
WG-0881,HMG,Abbreviation,Abbreviation,"Abbreviation for heavy machine gun, typically a high-volume support weapon with greater anti-materiel capability.",Abbreviation used in Bolt Action / General.,varies,Imported from supplied terminology after source/provenance check. Frequency supplied: Medium.,"System-specific label, generic concept",2026-09-23,hmg hmg abbreviation abbreviation
WG-0882,SMG,Abbreviation,Abbreviation,"Abbreviation for submachine gun, a short-ranged automatic infantry weapon.",Abbreviation used in Bolt Action / General.,varies,Imported from supplied terminology after source/provenance check. Frequency supplied: Medium.,"System-specific label, generic concept",2026-09-23,smg smg abbreviation abbreviation
WG-0883,Detachment,Organization,Unit-Role,"A modular army-building package that supplies a themed rules package and may include restrictions, enhancements or stratagems.",Unit-Role used in Warhammer 40K.,varies,Imported from supplied terminology after source/provenance check. Frequency supplied: Very High.,"System-specific label, generic concept",2026-09-23,detachment det organization unit-role
WG-0884,Enhancement,Command,Upgrade,An army-building upgrade that grants an eligible model or unit an additional rule or capability.,Upgrade used in Warhammer 40K.,varies,Imported from supplied terminology after source/provenance check. Frequency supplied: High.,"System-specific label, generic concept",2026-09-23,enhancement enh command upgrade
WG-0885,Rifle,Shooting,Weapon-Type,A standard infantry long-arm used as a baseline small-arms weapon profile.,Weapon-Type used in Bolt Action.,varies,Imported from supplied terminology after source/provenance check. Frequency supplied: Very High.,"System-specific label, generic concept",2026-09-23,rifle rifle shooting weapon-type
WG-0886,Automatic Rifle,Shooting,Weapon-Type,An infantry automatic weapon occupying a role between the ordinary rifle and heavier squad-support weapons.,Weapon-Type used in Bolt Action.,varies,Imported from supplied terminology after source/provenance check. Frequency supplied: High.,"System-specific label, generic concept",2026-09-23,automatic rifle ar shooting weapon-type
WG-0887,Assault Rifle,Shooting,Weapon-Type,An automatic infantry rifle used as a mobile short-to-medium-range weapon profile.,Weapon-Type used in Bolt Action.,varies,Imported from supplied terminology after source/provenance check. Frequency supplied: High.,"System-specific label, generic concept",2026-09-23,assault rifle assrif shooting weapon-type
WG-0888,Light Mortar,Shooting,Weapon-Type,"A light indirect-fire mortar, normally more portable and less powerful than heavier mortar classes.",Weapon-Type used in Bolt Action.,varies,Imported from supplied terminology after source/provenance check. Frequency supplied: High.,"System-specific label, generic concept",2026-09-23,light mortar lmort shooting weapon-type
WG-0889,Medium Mortar,Shooting,Weapon-Type,A medium indirect-fire mortar occupying the middle of a light/medium/heavy weapon class progression.,Weapon-Type used in Bolt Action.,varies,Imported from supplied terminology after source/provenance check. Frequency supplied: High.,"System-specific label, generic concept",2026-09-23,medium mortar mmort shooting weapon-type
WG-0890,Heavy Mortar,Shooting,Weapon-Type,A heavy indirect-fire mortar trading mobility or cost for greater effect.,Weapon-Type used in Bolt Action.,varies,Imported from supplied terminology after source/provenance check. Frequency supplied: Medium.,"System-specific label, generic concept",2026-09-23,heavy mortar hmort shooting weapon-type
WG-0891,Anti-Tank Rifle,Shooting,Weapon-Type,A large-calibre infantry weapon intended primarily to threaten light armour or vulnerable vehicle aspects.,Weapon-Type used in Bolt Action.,varies,Imported from supplied terminology after source/provenance check. Frequency supplied: High.,"System-specific label, generic concept",2026-09-23,anti-tank rifle atr shooting weapon-type
WG-0892,Panzerfaust,Shooting,Weapon-Type,A disposable infantry anti-tank launcher represented as a short-ranged high-penetration weapon.,Weapon-Type used in Bolt Action.,varies,Imported from supplied terminology after source/provenance check. Frequency supplied: High.,"System-specific label, generic concept",2026-09-23,panzerfaust pf shooting weapon-type
WG-0893,Bazooka,Shooting,Weapon-Type,A reusable infantry rocket launcher represented as a portable anti-armour weapon.,Weapon-Type used in Bolt Action.,varies,Imported from supplied terminology after source/provenance check. Frequency supplied: High.,"System-specific label, generic concept",2026-09-23,bazooka baz shooting weapon-type
WG-0894,PIAT,Shooting,Weapon-Type,A portable infantry anti-tank projector represented as a short-ranged anti-armour weapon.,Weapon-Type used in Bolt Action.,varies,Imported from supplied terminology after source/provenance check. Frequency supplied: High.,"System-specific label, generic concept",2026-09-23,piat piat shooting weapon-type
WG-0895,Flamethrower,Shooting,Weapon-Type,A short-ranged flame weapon designed to attack troops in cover and fortified positions.,Weapon-Type used in Bolt Action.,varies,Imported from supplied terminology after source/provenance check. Frequency supplied: High.,"System-specific label, generic concept",2026-09-23,flamethrower flame shooting weapon-type
WG-0896,Sniper Rifle,Shooting,Weapon-Type,A precision rifle profile associated with long-range aimed fire and specialist target selection.,Weapon-Type used in Bolt Action.,varies,Imported from supplied terminology after source/provenance check. Frequency supplied: Medium.,"System-specific label, generic concept",2026-09-23,sniper rifle sniper shooting weapon-type
WG-0897,Aircraft,Organization,Unit-Role,Unit with AIRCRAFT keyword; subject to special movement and targeting rules.,Unit-Role used in Warhammer 40K.,varies,Imported from supplied terminology after source/provenance check. Frequency supplied: Very High.,"System-specific label, generic concept",2026-09-23,aircraft aircraft organization unit-role
WG-0898,Interceptor,Shooting,Unit-Role,Aircraft specialized in engaging other aircraft.,Unit-Role used in Warhammer 40K.,varies,Imported from supplied terminology after source/provenance check. Frequency supplied: Low.,"System-specific label, generic concept",2026-09-23,interceptor intercept shooting unit-role
WG-0899,Howitzer,Shooting,Weapon-Type,An artillery weapon class capable of high-angle or indirect fire.,Weapon-Type used in Bolt Action.,varies,Imported from supplied terminology after source/provenance check. Frequency supplied: High.,"System-specific label, generic concept",2026-09-23,howitzer how shooting weapon-type
WG-0900,Field Gun,Shooting,Weapon-Type,A field-artillery weapon class used for direct or indirect support depending on the ruleset.,Weapon-Type used in Bolt Action.,varies,Imported from supplied terminology after source/provenance check. Frequency supplied: High.,"System-specific label, generic concept",2026-09-23,field gun fg shooting weapon-type
WG-0901,AA Gun,Shooting,Weapon-Type,An anti-aircraft gun or weapon class able to engage aerial targets.,Weapon-Type used in Bolt Action.,varies,Imported from supplied terminology after source/provenance check. Frequency supplied: Medium.,"System-specific label, generic concept",2026-09-23,aa gun aag shooting weapon-type
WG-0902,Detachment Points,Command,Resource,An army-building budget used to select one or more detachments.,Resource used in Warhammer 40K.,varies,Imported from supplied terminology after source/provenance check. Frequency supplied: Very High.,"System-specific label, generic concept",2026-09-23,detachment points dp command resource
WG-0903,Incursion,Scenario,Battle-Size,"A named Warhammer 40,000 battle size for smaller standard games.",Battle-Size used in Warhammer 40K.,varies,Imported from supplied terminology after source/provenance check. Frequency supplied: High.,"System-specific label, generic concept",2026-09-23,incursion inc scenario battle-size
WG-0904,Strike Force,Scenario,Battle-Size,"A named Warhammer 40,000 battle size for standard-sized games.",Battle-Size used in Warhammer 40K.,varies,Imported from supplied terminology after source/provenance check. Frequency supplied: Very High.,"System-specific label, generic concept",2026-09-23,strike force sf scenario battle-size
WG-0905,Onslaught,Scenario,Battle-Size,"A named Warhammer 40,000 battle size for larger games.",Battle-Size used in Warhammer 40K.,varies,Imported from supplied terminology after source/provenance check. Frequency supplied: Medium.,"System-specific label, generic concept",2026-09-23,onslaught ons scenario battle-size
WG-0906,Mission Tactics,Command,Core-Ability,A Deathwatch rules package that changes tactical benefits according to the selected doctrine or tactic.,Core-Ability used in Warhammer 40K.,varies,Imported from supplied terminology after source/provenance check. Frequency supplied: Medium.,"System-specific label, generic concept",2026-09-23,mission tactics mt command core-ability
WG-0907,Black Spear Task Force,Organization,Detachment,A Deathwatch detachment built around Mission Tactics and Kill Team units.,Detachment used in Warhammer 40K.,varies,Imported from supplied terminology after source/provenance check. Frequency supplied: Medium.,"System-specific label, generic concept",2026-09-23,black spear task force bstf organization detachment
WG-0908,Unit Limit,Organization,Rule-Concept,The maximum number of copies of a particular unit entry permitted during army construction.,Rule-Concept used in Warhammer 40K.,varies,Imported from supplied terminology after source/provenance check. Frequency supplied: High.,"System-specific label, generic concept",2026-09-23,unit limit ul organization rule-concept
WG-0909,Battleline Doubling,Organization,Rule-Concept,An army-building rule that increases the normal unit-copy limit for Battleline units.,Rule-Concept used in Warhammer 40K.,varies,Imported from supplied terminology after source/provenance check. Frequency supplied: Medium.,"System-specific label, generic concept",2026-09-23,battleline doubling bd organization rule-concept
WG-1098,Detected Submarine,Targeting & visibility,Information state,A submarine whose presence has been successfully established and which is therefore handled openly by detection-dependent procedures.,Separates known submarine contacts from hidden submarine movement,state / contact status,"Useful when movement order, attacks or reactions differ according to whether a submarine has been found.","System-specific label, generic concept",2026-09-23,detected submarine known submarine; detected sub targeting & visibility information state
WG-1099,Undetected Submarine,Targeting & visibility,Information state,A submarine that has not yet been successfully detected and is handled under concealed-information movement procedures.,Preserves hidden movement for submarines before acquisition,state / hidden position,A domain-specific form of hidden movement tied directly to sensor detection.,"System-specific label, generic concept",2026-09-23,undetected submarine hidden submarine; unlocated sub targeting & visibility information state
WG-1100,Radar Detection,Targeting & visibility,Sensor test,Detection performed with radar rather than visual or acoustic sensing.,Creates contacts through an active electromagnetic sensor channel,range / test / contact,"Keep separate from generic detection so different sensors can have distinct ranges, countermeasures and signatures.",Generic concept,2026-09-23,radar detection radar search; radar contact targeting & visibility sensor test
WG-0910,Sonar Detection,Targeting & visibility,Sensor test,Detection performed with sonar or other acoustic sensing against underwater contacts.,Creates or maintains underwater contacts,range / test / contact,Supports submarine warfare where acoustic detection follows different rules from radar and visual sighting.,Generic concept,2026-09-23,sonar detection sonar search; acoustic detection targeting & visibility sensor test
WG-0911,Visual Detection,Targeting & visibility,Sensor test,Detection performed by direct observation rather than an electronic or acoustic sensor.,Provides a non-electronic acquisition channel,range / test / contact,"Useful when weather, daylight and line of sight differ from radar or sonar conditions.",Generic concept,2026-09-23,visual detection visual search; sighting targeting & visibility sensor test
WG-0912,Air Defence Rating,Combat & weapons,Defence statistic,A rating representing a platform's ability to engage hostile aircraft at air-defence ranges.,Aggregates anti-aircraft defensive capability,numeric rating,Can be pooled across several eligible systems or platforms.,"System-specific label, generic concept",2026-09-23,air defence rating ad rating; area air defence combat & weapons defence statistic
WG-0913,Point Defence Rating,Combat & weapons,Defence statistic,A rating representing close-in defensive fire against aircraft or incoming threats.,Models last-layer local air defence,numeric rating,Distinct from the broader Point Defence weapon role already in the lexicon: this is the quantified defensive statistic.,"System-specific label, generic concept",2026-09-23,point defence rating pd rating; close air defence combat & weapons defence statistic
WG-0914,Air-to-Air Combat Rating,Combat & weapons,Combat statistic,A rating representing an aircraft's ability to attack other aircraft within a particular engagement band.,Abstracts missile/gun capability and ammunition into air-combat strength,rating by range band,"A single aircraft may have different ratings for local, area and long-range combat.","System-specific label, generic concept",2026-09-23,air-to-air combat rating acr; air combat rating combat & weapons combat statistic
WG-0915,Local Air-Combat Range,Combat & weapons,Range band,"The closest air-to-air engagement band, associated with dogfighting and short-ranged weapons.",Separates close air combat from longer missile engagements,distance band,Useful for layered air-combat models without modelling every missile individually.,Generic design concept,2026-09-23,local air-combat range local range; dogfight band combat & weapons range band
WG-0916,Area Air-Combat Range,Combat & weapons,Range band,An intermediate air-to-air engagement band between dogfight and long-range combat.,Represents beyond-close-range missile engagement,distance band,Provides a middle layer in a three-band air combat model.,Generic design concept,2026-09-23,area air-combat range area range; medium air-combat band combat & weapons range band
WG-0917,Long-Range Air Combat,Combat & weapons,Range band,The outer air-to-air engagement band used by aircraft with sufficiently long-ranged weapons.,Allows interception before aircraft reach local or area combat,distance band,Useful for differentiating specialised interceptors from ordinary fighters.,Generic design concept,2026-09-23,long-range air combat long-range acr; long-range intercept combat & weapons range band
WG-0918,Combat Air Patrol,Deployment & army building,Air mission,Fighters assigned to patrol defensively and react to hostile aircraft or detected submarine threats.,Provides pre-positioned reactive air defence,mission / aircraft group,Often behaves as a reaction force rather than ordinary active-turn aircraft.,Generic military/game concept,2026-09-23,combat air patrol cap deployment & army building air mission
WG-0919,Aircraft Defence Rating,Combat & weapons,Defence statistic,A modifier representing how difficult an aircraft is to destroy in air-defence or air-to-air combat.,Abstracts survivability and manoeuvrability,numeric modifier,Separates an aircraft's defensive qualities from its offensive air-combat rating.,Generic design concept,2026-09-23,aircraft defence rating defence rating; manoeuvrability defence combat & weapons defence statistic
WG-0920,ECM Aircraft,Targeting & visibility,Electronic-warfare role,An aircraft that protects a raid or nearby friendly aircraft by degrading hostile long- or area-range attacks.,Projects electronic defensive support,aircraft role / defence modifier,A useful support-unit archetype where protection is provided by electronic effects rather than weapons.,Generic concept,2026-09-23,ecm aircraft electronic countermeasures aircraft; jammer aircraft targeting & visibility electronic-warfare role
WG-0921,Jettison Ordnance,Combat & weapons,Payload action,An action in which an aircraft discards carried attack stores to remove restrictions associated with a loaded strike configuration.,Trades remaining payload for improved combat freedom or survivability,payload state change,Useful for modelling the tactical cost of switching from strike to air combat.,Generic concept,2026-09-23,jettison ordnance jettison bombs; drop stores combat & weapons payload action
WG-0922,Release Point,Combat & weapons,Attack position,The position an aircraft must reach before releasing a missile or other stand-off weapon.,Turns weapon range into a movement/positioning requirement,table position / range,Useful for air-strike games where delivery geometry matters.,Generic concept,2026-09-23,release point weapon release point; launch point combat & weapons attack position
WG-0923,Turn Distance,Movement,Manoeuvre statistic,The minimum forward distance or interval required between successive heading changes by an aircraft.,Limits manoeuvrability without a detailed flight model,distance,Compact alternative to plotting turn radii.,Generic design concept,2026-09-23,turn distance minimum turn distance; turn spacing movement manoeuvre statistic
WG-0924,Maximum Height,Movement,Altitude statistic,The highest altitude level or band an aircraft may occupy.,Constrains vertical movement and engagement eligibility,altitude level,Useful when weapons also have maximum engagement heights.,Generic concept,2026-09-23,maximum height altitude ceiling; max altitude band movement altitude statistic
WG-0925,Accident Roll,Resolution & tests,Hazard test,A test for accidental loss when an aircraft operates in especially hazardous flight conditions.,Adds non-combat risk to demanding manoeuvre or altitude choices,percentage / die test,Creates a risk-reward decision around very-low-level flight.,Generic design concept,2026-09-23,accident roll flight accident check; crash roll resolution & tests hazard test
WG-0926,Disbursement,Damage & morale,Air-combat degradation,A combat result that forces an aircraft to disengage or return home without necessarily destroying it.,Provides a non-lethal air-combat result,status / count,Useful middle result between unaffected and destroyed aircraft.,"System-specific label, generic concept",2026-09-23,disbursement aircraft disbursement; forced disengagement damage & morale air-combat degradation
WG-0927,Patrol Aircraft,Targeting & visibility,Sensor platform,"An aircraft used primarily to search for naval contacts with visual, radar, electronic-support or sonar sensors.",Extends fleet detection and search coverage,aircraft role / sensor ranges,A sensor platform rather than merely an attack aircraft.,Generic military/game concept,2026-09-23,patrol aircraft maritime patrol aircraft; mpa targeting & visibility sensor platform
WG-0928,Electronic Support Measures,Targeting & visibility,Passive sensor,Passive electronic sensing used to detect or locate hostile electromagnetic emitters such as radars.,Detects emitters without transmitting an active search signal,range / bearing / contact,Useful for games where using active radar improves search but also exposes the emitter.,Generic concept,2026-09-23,electronic support measures esm; es targeting & visibility passive sensor
WG-0929,Radar Cross-Section,Targeting & visibility,Signature statistic,A measure or category representing how strongly a target reflects radar energy.,Modifies radar detection range or probability,area / size class / category,A sensor-specific signature distinct from generic visual size or acoustic noise.,Generic concept,2026-09-23,radar cross-section rcs; radar signature targeting & visibility signature statistic
WG-0930,Instrumented Range,Targeting & visibility,Sensor limit,A radar's technical upper detection limit imposed by its pulse timing rather than target visibility alone.,Caps otherwise possible radar detection range,distance,Separates sensor power from the hard range limit of the sensing method.,Generic technical/game concept,2026-09-23,instrumented range maximum unambiguous range; rmax targeting & visibility sensor limit
WG-0931,Electronic Countermeasures,Targeting & visibility,Electronic warfare,"Electronic defensive measures that reduce the effectiveness of hostile sensors, missiles or long-range attacks.",Degrades enemy acquisition or attack effectiveness,modifier / generation / state,A broad defensive EW concept; specific implementations may include jamming and decoys.,Generic concept,2026-09-23,electronic countermeasures ecm; jamming targeting & visibility electronic warfare
WG-0932,Data Link,Command & control,Information network,"A communications link that shares sensor, targeting or tactical information between platforms.",Extends information and targeting beyond a single unit's own sensors,network / capability,Useful for modelling distributed sensing and cooperative engagement.,Generic concept,2026-09-23,data link datalink; tactical data link command & control information network
WG-0933,Non-Acoustic ASW Sensor,Targeting & visibility,Sensor class,An anti-submarine sensor that searches by means other than conventional acoustic sonar.,Provides an alternative submarine-detection channel,sensor class / range,Allows submarine detection to be split into acoustic and non-acoustic methods.,Generic concept,2026-09-23,non-acoustic asw sensor non-acoustic sensor; alternative asw sensor targeting & visibility sensor class
WG-0934,Unmanned Vehicle,Organization,Platform type,"An unmanned surface, subsurface or aerial platform represented as a controllable sensor, weapon or support asset.",Adds remote platforms without a crew model,unit / platform,Broad platform category useful for modern and near-future games.,Generic concept,2026-09-23,unmanned vehicle uv; unmanned platform organization platform type
WG-0935,Track Quality,Targeting & visibility,Contact-quality state,A measure of how well a force is maintaining a contact's movement without yet having a sufficiently precise weapon solution.,Separates maintaining a track from achieving weapon-quality targeting data,quality state / ordinal,"Useful for sensor games where finding, following and targeting are separate stages.","System-specific label, generic concept",2026-09-23,track quality tracking quality targeting & visibility contact-quality state
WG-0936,Targeting Quality,Targeting & visibility,Fire-control state,A measure of whether track information is precise enough to support effective weapon employment.,Represents refinement from general tracking into attack-quality information,quality state / ordinal,Useful distinction between knowing where something broadly is and knowing enough to shoot it accurately.,"System-specific label, generic concept",2026-09-23,targeting quality target quality; targeting solution quality targeting & visibility fire-control state
WG-0937,Area of Uncertainty,Targeting & visibility,Contact uncertainty,The geographic area within which a tracked contact might actually be located.,Represents positional uncertainty attached to imperfect sensor information,area / radius / region,Shrinks as contact information improves; useful for hidden or partially known contacts.,Generic design concept,2026-09-23,area of uncertainty aou; uncertainty area targeting & visibility contact uncertainty
WG-0938,Fire Control Solution,Targeting & visibility,Weapon solution,Processed target information accurate enough to support a weapon attack.,Converts sensor contact data into attack-ready targeting information,quality / state,Distinct from simple detection or tracking.,Generic concept,2026-09-23,fire control solution fcs; firing solution targeting & visibility weapon solution
WG-0939,Bearing Only Launch,Combat & weapons,Low-information attack,A weapon launch made using a target bearing without a complete positional fire-control solution.,Allows an attack when target information is incomplete,bearing / launch mode,Trades certainty for the ability to fire before a full solution exists.,"System-specific label, generic concept",2026-09-23,bearing only launch bol; bearing-only attack combat & weapons low-information attack
WG-0940,Cross-Fix,Targeting & visibility,Cooperative localisation,A position estimate produced by combining bearing information from two or more separated observers.,Improves localisation through distributed passive sensing,bearings / position estimate,Useful for cooperative sensing without requiring one platform to radiate actively.,Generic concept,2026-09-23,cross-fix cross bearing; triangulated fix targeting & visibility cooperative localisation
WG-0941,Tactical Data Link,Command & control,Information network,A network for sharing timely tactical contact and targeting information between platforms.,Improves shared situational awareness and cooperative targeting,network / capability,More specific than the existing generic Data Link entry because tactical timing and targeting quality matter.,Generic concept,2026-09-23,tactical data link tdl; tactical datalink command & control information network
WG-0942,Near-Real-Time Data Link,Command & control,Data-link timing class,A tactical data link whose updates arrive with limited delay and can improve shared targeting information.,Models useful but non-instantaneous networked information,timing class / modifier,Provides a middle state between slow manual reporting and real-time sharing.,"System-specific label, generic concept",2026-09-23,near-real-time data link nrt tdl; near-real-time link command & control data-link timing class
WG-0943,Real-Time Data Link,Command & control,Data-link timing class,A tactical data link providing sufficiently rapid updates for high-quality cooperative targeting support.,Represents the highest-timeliness shared-data tier,timing class / modifier,Useful for differentiating network quality rather than treating all datalinks identically.,"System-specific label, generic concept",2026-09-23,real-time data link rt tdl; real-time link command & control data-link timing class
WG-0944,Guidance Link,Command & control,Weapon-control link,A communications link used to update or guide a weapon after launch.,Maintains weapon control between launch platform or network and the weapon,link / capability,Distinct from a tactical data link used primarily to share contact information.,Generic concept,2026-09-23,guidance link weapon guidance link; command guidance link command & control weapon-control link
WG-0945,Active Sensor,Targeting & visibility,Sensor mode,A sensor that transmits energy and analyses the returned signal to detect or range a target.,Provides direct search or ranging while potentially revealing the emitter,sensor mode / range,Covers radar and active sonar as a common design category.,Generic concept,2026-09-23,active sensor active sensing; emitting sensor targeting & visibility sensor mode
WG-0946,Passive Sensor,Targeting & visibility,Sensor mode,A sensor that listens for or observes energy produced by other sources rather than transmitting a search signal.,Detects contacts without announcing itself through an active emission,sensor mode / bearing/contact,Useful for stealth-versus-information trade-offs.,Generic concept,2026-09-23,passive sensor passive sensing; non-emitting sensor targeting & visibility sensor mode
WG-0947,No-Attack Quality,Targeting & visibility,Solution-quality state,A contact-information quality too poor to support a normal attack solution.,Creates an explicit threshold below which detection does not equal attack permission,quality state,"Useful when a game separates contact, track and weapon-quality information.","System-specific label, generic concept",2026-09-23,no-attack quality no attack solution; insufficient solution targeting & visibility solution-quality state
WG-0948,Poor Solution,Targeting & visibility,Solution-quality state,A low-quality fire-control solution that gives only a rough target location.,Represents marginal but potentially usable targeting information,quality state / ordinal,Part of a graded solution-quality ladder rather than a binary spotted/unspotted state.,"System-specific label, generic concept",2026-09-23,poor solution poor-quality solution targeting & visibility solution-quality state
WG-0949,Contact Data Sharing,Command & control,Information sharing,The transfer of sensor-contact information from one platform to another.,Allows distributed units to benefit from information they did not collect themselves,message / network / delay,Can be modelled differently for manual radio reports and tactical data links.,Generic design concept,2026-09-23,contact data sharing contact sharing; shared contact information command & control information sharing
WG-0950,Honour Card,Campaign & progression,Behaviour reward card,A card representing honourable conduct and its consequences for a warrior's development.,Turns narrative behaviour into persistent or semi-persistent mechanical reward,card,Useful for campaign systems that mechanically recognise conduct rather than only victory.,"System-specific label, generic concept",2026-09-23,honour card honour campaign & progression behaviour reward card
WG-0951,Dishonour Card,Campaign & progression,Behaviour consequence card,A card representing dishonourable conduct and the consequences of bringing shame on a warrior or clan.,Tracks narrative choices that can alter progression,card,Pairs with Honour Card to make behaviour a mechanical axis.,"System-specific label, generic concept",2026-09-23,dishonour card dishonour; shame card campaign & progression behaviour consequence card
WG-0952,Quest Card,Scenario,Secret objective,A card giving a warrior or force an additional hidden objective or narrative goal.,Adds private scoring or progression incentives,card / objective,Useful for creating motives that differ from the public scenario objective.,Generic concept,2026-09-23,quest card secret quest; quest scenario secret objective
WG-0953,Trait Card,Deployment & army building,Unit trait,A card assigning a defining capability or behavioural rule to a warrior or group.,Packages persistent unit identity into a modular rule component,card / upgrade,Useful distinction from learned Skills and scenario-specific Quests.,Generic concept,2026-09-23,trait card trait deployment & army building unit trait
WG-0954,Skill Card,Campaign & progression,Ability card,A card granting a warrior an additional learned or earned ability.,Supports individual character progression and customisation,card / ability,Can be gained or lost through progression and honour-related effects.,Generic concept,2026-09-23,skill card skill campaign & progression ability card
WG-0955,Character Action Token,Turn structure,Activation token,An action token associated with a character-class warrior for regulating alternating activations.,Tracks action opportunities for important individual models,token,Separates character activations from follower activations at component level.,"System-specific label, generic concept",2026-09-23,character action token character token turn structure activation token
WG-0956,Follower Action Token,Turn structure,Activation token,An action token associated with follower warriors for regulating alternating activations.,Tracks action opportunities for ordinary members of a force,token,Pairs with Character Action Token to distinguish activation classes.,"System-specific label, generic concept",2026-09-23,follower action token follower token turn structure activation token
WG-0957,Fate Token,Resolution & tests,Fortune resource,"A token representing a limited reserve of luck, fate or narrative intervention.",Provides a spendable or drawable uncertainty-control resource,token / count,Useful generic name for metacurrency represented physically on the table.,"System-specific label, generic concept",2026-09-23,fate token fate resolution & tests fortune resource
WG-0958,Blood Counter,Damage & morale,Damage marker,A counter recording accumulated injury or blood loss on a warrior.,Externalises progressive physical harm,counter / count,Distinct from a generic wound when the rules use accumulated counters as a separate state.,"System-specific label, generic concept",2026-09-23,blood counter blood; wound counter damage & morale damage marker
WG-0959,Cautious Token,Turn structure,Action-state marker,A token marking that a warrior is in a cautious action state or has used an action that needs later clearance.,Tracks a temporary action-state restriction,token / state,"Shares physical component space with Reload in the official token set, but represents a distinct rules state.",System-specific label,2026-09-23,cautious token cautious; reload/cautious token turn structure action-state marker
WG-0960,Clan Token,Scenario,Faction marker,A token representing clan affiliation or a clan-specific scenario state.,Provides a physical marker for faction identity or Sengoku-specific scenario mechanics,token,Useful for faction-linked objectives and scenario effects.,System-specific label,2026-09-23,clan token clan marker scenario faction marker
WG-0961,Low Supply,Logistics & supply,Supply state,"A degraded logistics state that restricts a formation's movement, reorganisation, engineering or combat effectiveness.",Turns supply failure into broad operational penalties,state / marker,More useful than a simple ammunition penalty because it affects several operational systems.,"System-specific label, generic concept",2026-09-23,low supply supply shortage; low-supply state logistics & supply supply state
WG-0962,Isolation,Logistics & supply,Supply/command state,"A state for units cut off from normal operational support, making movement and recovery more costly or restricted.",Models units operating beyond effective support networks,state / extra resource cost,"Distinct from Low Supply: isolation describes disconnection, while supply shortage describes resource scarcity.",Generic concept,2026-09-23,isolation isolated unit; cut off logistics & supply supply/command state
WG-0963,Operations Phase,Turn structure,Resource phase,"A phase in which operational resources are reset, generated or prepared for use during the turn.",Refreshes the operational command economy,phase,Useful when high-level action capacity is managed separately from tactical activation.,Generic design concept,2026-09-23,operations phase ops phase turn structure resource phase
WG-0964,Road Movement,Movement,Operational movement,"A movement mode using roads to cover ground efficiently, usually with different costs or restrictions from tactical movement.",Provides fast operational repositioning,distance / operation cost,Separates transit movement from battlefield manoeuvre.,Generic concept,2026-09-23,road movement strategic road move movement operational movement
WG-0965,Tactical Movement,Movement,Battlefield movement,A movement mode used for local battlefield manoeuvre rather than rapid road transit.,Handles contact-area repositioning,distance / operation cost,Pairs with Road Movement to distinguish operational transit from tactical manoeuvre.,Generic concept,2026-09-23,tactical movement tactical move movement battlefield movement
WG-0966,Tipped,Turn structure,Readiness state,A physical orientation state showing that a unit has performed an activity or suffered an effect that reduces its immediate readiness.,Tracks temporary expenditure without a separate counter,orientation / binary state,A component-state mechanic: rotate the unit rather than adding bookkeeping.,"System-specific label, generic concept",2026-09-23,tipped tipped unit; spent orientation turn structure readiness state
WG-0967,Un-Tip,Turn structure,Recovery action,"The act of returning a tipped unit to its normal ready orientation, sometimes by spending an operational resource.",Restores temporary readiness,operation cost / state change,Physical-state recovery counterpart to Tipped.,System-specific label,2026-09-23,un-tip ready; restore orientation turn structure recovery action
WG-0968,Contested Square,Combat & weapons,Engagement area,A grid space occupied by opposing forces and therefore requiring combat resolution.,Defines where combat must be resolved,grid cell / state,Useful for area- or grid-based operational games.,Generic design concept,2026-09-23,contested square contested area; contested grid space combat & weapons engagement area
WG-0969,Combat Grid,Resolution & tests,Combat table,A lookup structure that converts opposing combat circumstances and a die result into an outcome.,Resolves combat through a bounded result matrix,table / shift / die result,A matrix architecture rather than a conventional to-hit/save sequence.,Generic design concept,2026-09-23,combat grid combat matrix; result grid resolution & tests combat table
WG-0970,Combat Shift,Resolution & tests,Table modifier,A modifier that moves a combat lookup to a more or less favourable part of a result table.,Applies tactical advantages without changing the die itself,one or more table positions,Useful alternative to additive dice modifiers.,Generic concept,2026-09-23,combat shift column shift; grid shift resolution & tests table modifier
WG-0971,Tank Shock,Combat & weapons,Combined-arms effect,An armour-driven combat effect that can disadvantage exposed infantry in suitable terrain.,Models psychological and tactical pressure from armour,combat effect / modifier,Designer-facing term for armour effects beyond raw firepower.,"System-specific label, generic concept",2026-09-23,tank shock armour shock combat & weapons combined-arms effect
WG-0972,Engineering Task,Logistics & supply,Progress task,A battlefield engineering project that advances over time until completed or abandoned.,"Models multi-step construction, clearing or crossing work",progress marker / test,"Useful for bridges, mine clearance, fortification and other tasks that should not resolve instantly.",Generic design concept,2026-09-23,engineering task engineer task; engineering project logistics & supply progress task
WG-0973,Low Fuel,Logistics & supply,Fuel state,A logistics state in which fuel scarcity reduces mobility and related capabilities.,Separates fuel constraints from general supply,state / movement penalty,Particularly useful for mechanised operational games.,Generic concept,2026-09-23,low fuel fuel shortage; low-fuel state logistics & supply fuel state
WG-0974,Boat Marker,Engineering & breaching,Crossing asset,A marker representing temporary water-crossing equipment required for certain river crossings.,Makes crossing equipment a finite battlefield asset,marker / one crossing,Useful for bridging and amphibious engineering systems.,"System-specific label, generic concept",2026-09-23,boat marker crossing boat; assault boat marker engineering & breaching crossing asset
WG-0975,Supply Source,Logistics & supply,Supply origin,A map or table location from which supply status is traced or projected.,Anchors logistics networks spatially,location / marker / range,More precise than a generic supply pool because position matters.,Generic concept,2026-09-23,supply source supply point; logistics source logistics & supply supply origin
WG-0976,Commander Skill,Command & control,Commander statistic,A rating representing how effectively a commander generates or manages operational opportunities.,Modifies command-resource availability,rating / resource generation,Separates commander quality from unit morale or combat skill.,Generic concept,2026-09-23,commander skill command skill; commander quality command & control commander statistic
WG-0977,Evasion,Combat & weapons,Disengagement response,A combat response allowing eligible mobile units to avoid or reduce an unfavourable engagement.,Provides mobility-based defensive escape,test / movement / eligibility,Distinct from retreat because it is a defensive capability rather than a combat-loss result.,Generic concept,2026-09-23,evasion evade; combat evasion combat & weapons disengagement response
WG-0978,Momentum,Command & control,Tempo resource,A command resource spent to issue orders and maintain the pace of battlefield activity.,Prices how much a force can accomplish before initiative or opportunity runs out,points / pool,A strong generic name for action economy framed as operational tempo.,"System-specific label, generic concept",2026-09-23,momentum mo; momentum points command & control tempo resource
WG-0979,Interrupt,Turn structure,Reaction transfer,A response that seizes active status after an opponent completes an interruptible order.,Transfers tempo between players inside an open sequence,trigger / initiative transfer,"Different from reactive fire because the reward is control of the sequence, not necessarily an attack.",Generic design concept,2026-09-23,interrupt interruption turn structure reaction transfer
WG-0980,Intervention,Command & control,Commander action,A special commander-driven action that creates a local exception or extra opportunity at an opportunity cost elsewhere.,Trades overall command capacity for direct local influence,action / opportunity cost,Useful for modelling a commander personally intervening in one part of the battle.,"System-specific label, generic concept",2026-09-23,intervention general intervention command & control commander action
WG-0981,Global Order,Command & control,Order scope,An order that may be received by any eligible units rather than one local formation.,Defines broad command scope,order / momentum cost,Pairs with Force Order to distinguish command breadth.,Generic design concept,2026-09-23,global order army-wide order command & control order scope
WG-0982,Force Order,Command & control,Order scope,An order limited to eligible units belonging to one coherent local force or brigade.,Defines local command scope,order / cohesion condition,Useful when command cost depends on how widely an instruction is distributed.,"System-specific label, generic concept",2026-09-23,force order formation order; local order command & control order scope
WG-0983,Complication,Command & control,Friction cost,"A difficulty attached to an order by terrain, formation, interpenetration or other demanding circumstances.",Converts battlefield friction into extra command cost,count / added resource cost,A flexible alternative to separate movement penalties for every awkward action.,Generic design concept,2026-09-23,complication order complication; movement complication command & control friction cost
WG-0984,Skirmish Advantage,Command & control,Initiative advantage,"The margin by which one side's skirmish screen outperforms the other's, feeding into initiative and command tempo.",Links a sub-system contest to the wider turn economy,difference / points,Shows how local skirmishing can influence overall operational tempo.,"System-specific label, generic concept",2026-09-23,skirmish advantage skirmishing advantage command & control initiative advantage
WG-0985,Regulating Base,Movement,Formation anchor,A selected base used as the fixed reference around which a unit changes formation.,Makes formation changes geometrically deterministic,base / anchor point,Useful for avoiding ambiguous model shuffling during formation changes.,"System-specific label, generic concept",2026-09-23,regulating base regulating element; formation anchor movement formation anchor
WG-0986,Strong Position,Combat & weapons,Defensive state,"A favourable defensive condition granted by suitable formation, terrain or tactical circumstances.",Bundles several defensive advantages into one state,state / combat modifier,"Useful as a common interface for town, earthwork, uphill and square-type advantages.",Generic concept,2026-09-23,strong position strong defensive position combat & weapons defensive state
WG-0987,Poor Formation,Combat & weapons,Formation penalty,"A combat state representing a formation badly arranged for the engagement, such as being struck on a flank or caught in an unsuitable formation.",Applies a severe combat disadvantage,state / combat modifier,Bundles positional and formation failures into one reusable condition.,Generic design concept,2026-09-23,poor formation bad formation; vulnerable formation combat & weapons formation penalty
WG-0988,Huzzah!,Turn structure,Exploitation marker,A reward state gained after breaking an enemy in combat that can restore movement opportunity or remove disruption.,Turns local success into immediate exploitation tempo,marker / one-use benefit,A concrete example of momentum generated by battlefield success.,"System-specific label, generic concept",2026-09-23,huzzah! huzzah marker turn structure exploitation marker
WG-0989,Voltigeur Marker,Combat & weapons,Harassment marker,A temporary marker placed by superior skirmishing to hinder an enemy unit's next action.,Converts skirmish superiority into targeted action disruption,marker / one-use effect,Useful model for harassment that is consumed when the target next acts.,"System-specific label, generic concept",2026-09-23,voltigeur marker voltigeur; skirmisher pressure marker combat & weapons harassment marker
WG-0990,MO Dice,Command & control,Hidden command resource,Dice rolled to determine an opponent's available movement-order capacity for the coming turn.,Creates uncertain command capacity that the opposing side may know or generate,dice / resource,Useful for command economies with hidden or variable action budgets.,"System-specific label, generic concept",2026-09-23,mo dice movement-order dice; mo dice command & control hidden command resource
WG-0991,Current MO,Command & control,Command pool,"The currently available pool of movement-order capacity, reduced as units or corps activate.",Tracks remaining movement command capacity,points / pool,A visible or concealed tempo budget depending on implementation.,System-specific label,2026-09-23,current mo current movement orders; mo pool command & control command pool
WG-0992,Army Morale,Damage & morale,Army-level morale,A force-wide morale measure checked at the end of a turn to determine whether the army can continue the battle.,Aggregates battlefield losses into an army-level defeat condition,track / threshold,Distinct from unit morale and from Chain of Command's named Force Morale implementation.,Generic concept,2026-09-23,army morale army break level; force morale damage & morale army-level morale
WG-0993,Concealed Unit,Targeting & visibility,Information state,"A unit whose identity or combat information remains hidden until movement, firing, enemy discovery or another reveal trigger.",Preserves uncertainty about enemy force composition,state / hidden card or label,Different from an off-table hidden unit: the formation can be physically present while its identity is concealed.,Generic design concept,2026-09-23,concealed unit concealed formation; hidden identity unit targeting & visibility information state
WG-0994,Information Phase,Turn structure,Information phase,A dedicated phase for discovering or revealing enemy units before movement and combat.,Separates information gathering from manoeuvre and attack,phase,Useful when reconnaissance is important enough to deserve its own turn window.,Generic design concept,2026-09-23,information phase reconnaissance phase; discovery phase turn structure information phase
WG-0995,Simple Move,Movement,Movement class,A straightforward move with limited turning and no difficult-terrain complications.,Provides a low-friction baseline movement mode,distance / geometry,Pairs with Difficult Move so complexity is priced by movement type.,Generic design concept,2026-09-23,simple move simple movement movement movement class
WG-0996,Difficult Move,Movement,Movement class,A movement class used when terrain or changes of facing make manoeuvre more demanding.,Prices geometrically or environmentally difficult manoeuvre,movement class / resource cost,A compact alternative to many separate turning and terrain modifiers.,Generic design concept,2026-09-23,difficult move complex movement movement movement class
WG-0997,Reserve Move,Movement,Reserve movement,A rapid movement mode restricted to units sufficiently distant or screened from enemy observation.,Speeds rear-area redeployment while preventing unrealistic movement near the enemy,movement mode / visibility restriction,Useful operational distinction between safe rear movement and contact-area movement.,Generic concept,2026-09-23,reserve move strategic reserve move movement reserve movement
WG-0998,Prepared,Combat & weapons,Defensive preparation state,A state gained by infantry that spends movement opportunity preparing for defence rather than advancing.,Trades mobility for improved defensive performance,marker / state,Useful generic state for square-like or braced infantry without requiring literal formation modelling.,"System-specific label, generic concept",2026-09-23,prepared prepared infantry; prepared state combat & weapons defensive preparation state
WG-0999,Ammo Box,Logistics & supply,Ammunition counter,A discrete ammunition unit marked off when artillery fires.,Makes sustained artillery fire consume a finite resource,box / count,A simple per-unit ammunition track rather than a shared supply pool.,Generic design concept,2026-09-23,ammo box ammunition box; ammo track logistics & supply ammunition counter
WG-1000,Elan,Game data,Combat quality statistic,A unit-quality value used to determine how many dice infantry or cavalry contributes to fire or combat.,Translates fighting spirit and effectiveness into dice volume,numeric rating / dice,Historically flavoured label for a combat-output statistic.,Generic concept,2026-09-23,elan unit elan game data combat quality statistic
WG-1001,Shattered Point,Damage & morale,Force break threshold,A force-level threshold derived from army size that determines when accumulated losses threaten overall defeat.,Scales army-break conditions to starting force size,base count / threshold,Useful for scenarios with unequal armies because the threshold can be calculated from force composition.,"System-specific label, generic concept",2026-09-23,shattered point shatter point; army break threshold damage & morale force break threshold
WG-1002,Reshuffle,Turn structure,Deck cycle action,A turn option that refreshes an action-card deck while permanently removing some cards from future circulation.,Refreshes tactical options while creating long-term deck attrition,deck action / card loss,"A neat fatigue mechanism: the deck returns, but thinner.",Generic design concept,2026-09-23,reshuffle deck reshuffle; action-card reshuffle turn structure deck cycle action
WG-1003,Morale Value,Damage & morale,Card resource value,A value on an action card that can be spent defensively to cancel or reduce incoming combat effects.,Makes tactical cards double as a defensive morale resource,card value / spend,Creates hand-management tension between actions and damage mitigation.,"System-specific label, generic concept",2026-09-23,morale value card morale value damage & morale card resource value
WG-1004,Red-Banner Interrupt,Turn structure,Card interrupt,A card-marked interrupt that lets the passive player interfere with an opponent's phase and is then removed from play.,Provides scarce reactive control over the opponent's sequence,card / one-use interrupt,Combines reaction timing with deck attrition.,"System-specific label, generic concept",2026-09-23,red-banner interrupt red-banner card; interrupt card turn structure card interrupt
WG-1005,Base Width,Measurement,Relative measurement unit,A distance unit defined by the physical width of a miniature base rather than a fixed real-world measurement.,Makes movement and range scale automatically with basing convention,relative distance unit,Useful for rules intended to support multiple miniature scales.,Generic design concept,2026-09-23,base width bw; base-width measurement relative measurement unit
WG-1006,Provisional Command,Command & control,Command state,"A command relationship in which a unit is directed by a leader other than its normal immediate commander, with reduced effectiveness.",Models imperfect temporary command relationships,state / die modifier,Useful between fully in-command and completely out-of-command states.,"System-specific label, generic concept",2026-09-23,provisional command temporary command; provisional commander command & control command state
WG-1007,Out of Command,Command & control,Command state,A state for a unit outside the effective command radius of any leader.,Applies command friction to isolated units,state / die modifier,Generic command-and-control state used across many historical systems.,Generic concept,2026-09-23,out of command ooc; out-of-command command & control command state
WG-1008,Maneuver Check,Command & control,Activation/movement test,A test that determines what manoeuvre effect a unit may or must perform during the movement portion of the turn.,"Converts command, morale and unit condition into movement permission",die roll + modifiers,Useful when movement freedom depends on command performance rather than a fixed action allowance.,"System-specific label, generic concept",2026-09-23,maneuver check manoeuvre check; maneuver test command & control activation/movement test
WG-1009,Maneuver Effect,Movement,Outcome class,A named result from a manoeuvre check that defines the movement and recovery options available to a unit.,Packages several permitted actions into one test result,result band / named state,A result ladder can be clearer than many separate pass/fail tests.,"System-specific label, generic concept",2026-09-23,maneuver effect manoeuvre effect; movement effect movement outcome class
WG-1010,Rally with Élan,Damage & morale,Recovery result,A high-quality recovery result that restores order while still allowing a strong follow-up manoeuvre.,Rewards exceptional recovery with retained tempo,result / movement permission,Combines morale recovery and action economy rather than ending the unit's activity.,"System-specific label, generic concept",2026-09-23,rally with élan rally with elan damage & morale recovery result
WG-1011,Tardy,Movement,Restricted manoeuvre result,A middling manoeuvre result that permits only a restricted set of movements or a faster move taken in disorder.,Represents hesitant or poorly coordinated movement,result band / movement class,Useful middle state between full manoeuvre freedom and failure.,"System-specific label, generic concept",2026-09-23,tardy tardy manoeuvre; tardy result movement restricted manoeuvre result
WG-1012,Well Handled,Movement,Successful manoeuvre result,A favourable manoeuvre result granting access to more demanding movement options.,Represents competent handling and formation control,result band / movement permission,A positive command/movement quality result rather than a unit trait.,"System-specific label, generic concept",2026-09-23,well handled well-handled manoeuvre movement successful manoeuvre result
WG-1013,Full Move Disordered,Movement,Tempo trade-off,An option to move at full speed while accepting disorder and losing access to more complex formation manoeuvres.,Trades formation integrity for movement tempo,full movement + disorder state,Strong reusable design pattern: speed now in exchange for degraded future capability.,"System-specific label, generic concept",2026-09-23,full move disordered full move in disorder movement tempo trade-off
WG-1014,Good Order,Damage & morale,Readiness state,A normal organised state in which a unit retains its full formation and manoeuvre capability.,Provides the baseline against which disorder and broken states are measured,state,Useful canonical opposite to Disordered.,"System-specific label, generic concept",2026-09-23,good order ordered; in good order damage & morale readiness state
WG-1015,Panic,Damage & morale,Rout result,A severe morale result in which a unit loses formation and retreats away from the enemy.,Produces involuntary retreat and possible losses,result / retreat distance,Represents battlefield collapse rather than voluntary withdrawal.,"System-specific label, generic concept",2026-09-23,panic panic result; rout/panic damage & morale rout result
WG-1016,Change Front,Movement,Formation manoeuvre,A manoeuvre that pivots a formed unit substantially to establish a new facing without also advancing.,Changes orientation while preserving a formed footprint,angle / movement allowance,Distinct from ordinary wheeling during forward movement.,"System-specific label, generic concept",2026-09-23,change front change facing by wheel; front change movement formation manoeuvre
WG-1017,Refuse a Flank,Movement,Formation manoeuvre,A formation adjustment that bends or angles part of a line to protect an exposed flank.,Improves flank security without a full formation change,formation geometry,Historically useful term for partial formation adjustment.,"System-specific label, generic concept",2026-09-23,refuse a flank refused flank; refuse flank movement formation manoeuvre
WG-1018,Passage of Lines,Movement,Interpenetration manoeuvre,A controlled movement in which one formed unit passes through another friendly formation.,Models formation interpenetration with possible restrictions or disorder,movement / formation condition,Useful where friendly-unit passage is more involved than simply moving through models.,Generic concept,2026-09-23,passage of lines pass through friendly line movement interpenetration manoeuvre
WG-1019,Prolong,Movement,Artillery manoeuvre,Short movement of an unlimbered gun without fully limbering it for normal transport.,Allows limited artillery repositioning while remaining deployed,short distance / artillery-only,Distinctive artillery movement mode.,"System-specific label, generic concept",2026-09-23,prolong artillery prolong; prolong gun movement artillery manoeuvre
WG-1020,Hand Haul,Movement,Artillery manoeuvre,Movement of a gun by its crew rather than by limber or towing team.,Provides very short-range artillery repositioning,short distance,Generic artillery movement concept.,"System-specific label, generic concept",2026-09-23,hand haul manhandle; hand-haul gun movement artillery manoeuvre
WG-1021,Silenced,Damage & morale,Artillery suppression state,A temporary artillery state representing a gun crew unable or unwilling to fire effectively until rallied.,Suppresses artillery without destroying it,marker / state,Useful non-lethal artillery result distinct from damage.,"System-specific label, generic concept",2026-09-23,silenced silenced gun; suppressed battery damage & morale artillery suppression state
WG-1022,Pass Through Fire,Combat & weapons,Movement-triggered fire,Fire resolved against a target because it passed through a vulnerable position during movement.,"Makes the path of movement matter, not just the final position",triggered attack,Useful for representing exposure while crossing fire lanes.,"System-specific label, generic concept",2026-09-23,pass through fire pass-through fire; opportunity fire on movement combat & weapons movement-triggered fire
WG-1023,Galling Fire,Combat & weapons,Fire-effect result,A lower-tier fire result that becomes more damaging against a target already in disorder.,Makes existing disorder amplify subsequent fire effects,result band,Demonstrates state-dependent damage escalation.,"System-specific label, generic concept",2026-09-23,galling fire galling fire effect combat & weapons fire-effect result
WG-1024,Telling Fire,Combat & weapons,Fire-effect result,A stronger fire result that causes a definite troop loss or damages artillery.,Provides a middle step in a graded fire-effect ladder,result band / stand loss,Useful named tier between harassment and severe fire.,"System-specific label, generic concept",2026-09-23,telling fire telling fire effect combat & weapons fire-effect result
WG-1025,Withering Fire,Combat & weapons,Fire-effect result,A severe fire result causing multiple troop losses or destruction of a gun.,Represents high-end firepower outcome,result band / multiple losses,Top tier of a graded fire-effect ladder.,"System-specific label, generic concept",2026-09-23,withering fire withering fire effect combat & weapons fire-effect result
WG-1026,Unit Effectiveness,Damage & morale,Attrition state,A staged measure of how casualties reduce a unit's battlefield effectiveness over time.,Turns cumulative stand losses into discrete degradation states,state ladder,Separates raw casualties from their effect on unit performance.,Generic design concept,2026-09-23,unit effectiveness effectiveness level; unit effectiveness state damage & morale attrition state
WG-1027,Fresh,Damage & morale,Effectiveness state,The initial or relatively intact level on a unit-effectiveness ladder.,Represents a unit before significant attritional degradation,state / threshold,Pairs with Worn and Spent.,"System-specific label, generic concept",2026-09-23,fresh fresh unit damage & morale effectiveness state
WG-1028,Worn,Damage & morale,Effectiveness state,An intermediate attritional state reached after sufficient losses.,Applies degradation before the unit becomes fully spent,state / casualty threshold,Useful middle step in a three-state effectiveness track.,"System-specific label, generic concept",2026-09-23,worn worn unit damage & morale effectiveness state
WG-1029,Spent,Damage & morale,Effectiveness state,A heavily degraded effectiveness state reached after substantial losses.,Represents a unit that remains on table but has little staying power,state / casualty threshold,Distinct from destroyed or routed.,"System-specific label, generic concept",2026-09-23,spent spent unit damage & morale effectiveness state
WG-1030,Spirited,Damage & morale,Morale grade,A high morale grade used when determining how quickly casualties degrade unit effectiveness.,Improves staying power under attrition,grade / threshold modifier,Separates morale quality from immediate morale-test results.,"System-specific label, generic concept",2026-09-23,spirited high morale; spirited morale damage & morale morale grade
WG-1031,Unreliable,Damage & morale,Morale grade,A low morale grade representing troops with reduced staying power.,Accelerates degradation under casualties,grade / threshold,Useful quality grade without making the unit automatically broken.,"System-specific label, generic concept",2026-09-23,unreliable low morale; unreliable morale damage & morale morale grade
WG-1032,Dispirited,Damage & morale,Morale grade,"The lowest morale grade, representing troops that lose effectiveness rapidly under casualties.",Creates very low staying power,grade / threshold,Distinct from a temporary Shaken state: this is an inherent morale quality.,"System-specific label, generic concept",2026-09-23,dispirited very low morale; dispirited morale damage & morale morale grade
WG-1033,Breakthrough Charge,Combat & weapons,Exploitation attack,A follow-on charge generated by success in a previous close combat.,Converts local combat success into immediate exploitation,half/full move + new charge,Reusable success-to-tempo mechanic.,"System-specific label, generic concept",2026-09-23,breakthrough charge breakthrough; follow-on charge combat & weapons exploitation attack
WG-1034,Support a Charge,Combat & weapons,Support action,An action in which a nearby friendly unit follows or contributes to another unit's charge without being the primary charger.,Lets formations combine effort in close combat,support relationship / movement,Distinct from generic support fire.,"System-specific label, generic concept",2026-09-23,support a charge charge support; supporting unit combat & weapons support action
WG-1035,Cold Steel,Combat & weapons,Assault mode,An assault mode emphasising close combat rather than fire during the charge.,Trades or modifies shooting for stronger close-assault behaviour,assault option / modifier,Historically flavoured name for a melee-focused charge.,"System-specific label, generic concept",2026-09-23,cold steel charge with cold steel; bayonet charge combat & weapons assault mode
WG-1036,Enfiladed,Targeting & visibility,Target geometry state,A target state in which fire attacks along the length or vulnerable axis of a formation or gun position.,Rewards advantageous firing geometry,state / fire modifier,Generic positional concept for line formations and artillery.,Generic concept,2026-09-23,enfiladed enfilade target; enfiladed gun targeting & visibility target geometry state
WG-1037,Mission Profile,Scenario,Per-activation objective,"An objective package selected when an aircraft squad activates, defining what kind of target generates victory credit that round.",Makes scoring intent an activation-time choice,profile / VP condition,"Useful when the same unit can switch between interception, ground attack and infrastructure attack roles.","System-specific label, generic concept",2026-09-23,mission profile mission; sortie profile scenario per-activation objective
WG-1038,Air Target,Scenario,Mission profile,A mission profile rewarding destruction of enemy aircraft or aircraft squads.,Frames air-superiority kills as the squad's current scoring task,profile / VP,Designer-facing distinction between target type and weapon eligibility.,"System-specific label, generic concept",2026-09-23,air target air-target profile scenario mission profile
WG-1039,Soft Target,Scenario,Mission profile,A mission profile rewarding attacks against vulnerable ground assets rather than aircraft or hardened structures.,Creates a dedicated ground-attack scoring role,profile / VP,"Here 'soft' is a mission category, not merely an armour keyword.","System-specific label, generic concept",2026-09-23,soft target soft-target profile scenario mission profile
WG-1040,Hard Target,Scenario,Mission profile,A mission profile rewarding destruction of hardened scenery or infrastructure.,Creates a specialised strike objective for tough fixed targets,profile / VP,Useful for differentiating bombers from air-superiority aircraft through objectives rather than unit classes alone.,"System-specific label, generic concept",2026-09-23,hard target hard-target profile scenario mission profile
WG-1041,Flight Level,Movement,Altitude state,A discrete altitude band used to abstract three-dimensional aircraft position on a two-dimensional table.,"Controls visibility, targeting, entry and manoeuvre risk",level / state,Generic altitude-band architecture rather than continuous vertical measurement.,Generic design concept,2026-09-23,flight level altitude level; altitude band movement altitude state
WG-1042,High Level,Movement,Altitude state,An altitude state above the represented battlefield where aircraft are temporarily removed from the table and cannot normally attack or be attacked.,Provides safe transit and a staging state for entering battle,state / off-table position,A useful abstraction for altitude that is operationally present but tactically out of engagement.,"System-specific label, generic concept",2026-09-23,high level high altitude; off-table altitude movement altitude state
WG-1043,Dogfight Level,Movement,Altitude state,The standard air-combat altitude band in which aircraft engage one another without ground scenery blocking their mutual sight.,Defines the normal air-to-air engagement layer,state / altitude band,Pairs with Low Level and High Level in a three-band altitude model.,"System-specific label, generic concept",2026-09-23,dogfight level combat altitude; dogfight altitude movement altitude state
WG-1044,Low Level,Movement,Altitude state,A terrain-level flight band that improves access to ground targets but exposes aircraft to manoeuvre hazards and scenery.,Trades protection or attack access against collision and manoeuvre risk,state / altitude band,Useful risk-reward altitude state for strike aircraft.,Generic concept,2026-09-23,low level low altitude; terrain-level flight movement altitude state
WG-1045,Dangerous Maneuver Test,Resolution & tests,Hazard test,"A test made when an aircraft attempts especially risky flight, with outcomes ranging from safe execution to damage or destruction.",Prices aggressive manoeuvring with non-combat risk,die test / Evasion comparison,A reusable pattern for voluntarily taking movement risk in exchange for positional advantage.,"System-specific label, generic concept",2026-09-23,dangerous maneuver test dangerous manoeuvre test; flight hazard test resolution & tests hazard test
WG-1046,Special Maneuver,Movement,Advanced manoeuvre,"A non-standard aircraft manoeuvre that changes facing, position or combat capability beyond ordinary forward flight.",Expands movement options while consuming manoeuvre capacity and sometimes requiring a hazard test,manoeuvre / count,Umbrella category for high-risk tactical flight options.,Generic design concept,2026-09-23,special maneuver special manoeuvre; aerobatic manoeuvre movement advanced manoeuvre
WG-1047,Breakneck Turn,Movement,Special manoeuvre,"A high-risk reversal allowing an aircraft to turn through a much larger angle than an ordinary turn, usually with a temporary attack penalty.",Trades flight stability or accuracy for rapid facing reversal,angle / hazard test / temporary modifier,Good name for a manoeuvre that breaks normal turning geometry.,"System-specific label, generic concept",2026-09-23,breakneck turn 180-degree turn; hard reversal movement special manoeuvre
WG-1048,Loop Over,Movement,Special manoeuvre,A risky manoeuvre that repositions an aircraft behind its current location while preserving or manipulating facing.,Lets a pursued aircraft alter relative position without a conventional forward turn,distance / hazard test,Represents vertical manoeuvre abstracted into two-dimensional repositioning.,"System-specific label, generic concept",2026-09-23,loop over loop; reversal loop movement special manoeuvre
WG-1049,Dive Bomb,Combat & weapons,Attack manoeuvre,A risky attack manoeuvre that improves an aircraft's strike against ground or hardened targets while exposing it to defensive fire.,Trades safety for high-confidence ground-attack effect,hazard test / attack bonus / AA exposure,"A strong example of combining movement state, attack quality and reaction fire in one choice.",Generic concept,2026-09-23,dive bomb dive-bomb manoeuvre combat & weapons attack manoeuvre
WG-1050,Evasive Maneuvers,Movement,Defensive manoeuvre,A risky defensive manoeuvre that improves an aircraft's chance of avoiding damage while reducing its own attack accuracy.,Trades offence for survivability,save bonus / accuracy penalty,Distinct from the existing generic Evasion response: this is a chosen temporary flight posture.,Generic concept,2026-09-23,evasive maneuvers evasive manoeuvres; defensive flying movement defensive manoeuvre
WG-1051,Minimum Move,Movement,Movement constraint,The least distance an aircraft must travel during its movement action.,Models momentum and prevents aircraft from hovering in place,distance,Pairs with Maximum Move to create a movement interval rather than a single speed.,Generic design concept,2026-09-23,minimum move minimum movement; compulsory minimum speed movement movement constraint
WG-1052,Maximum Move,Movement,Movement constraint,The greatest distance an aircraft may travel during its movement action.,Caps displacement while still allowing variable speed above the minimum,distance,Useful with Minimum Move for aircraft and other momentum-driven units.,Generic design concept,2026-09-23,maximum move maximum movement; maximum speed distance movement movement constraint
WG-1053,Ground Asset,Organization,Abstract ground unit,A simplified ground target representing vehicles or other battlefield assets primarily for interaction with aircraft.,Lets an air-combat game include ground targets without importing a full ground-combat ruleset,unit / simplified profile,Useful cross-scale abstraction when one domain is secondary to the game's main focus.,"System-specific label, generic concept",2026-09-23,ground asset ground target asset organization abstract ground unit
WG-1054,AA Entry Fire,Combat & weapons,Entry hazard,Abstract anti-aircraft fire suffered when aircraft enter the battlefield from less secure board edges.,Makes deployment direction a risk decision,one or more AA attacks,Converts strategic approach direction into immediate tactical danger.,Generic design concept,2026-09-23,aa entry fire entry aa; board-edge aa fire combat & weapons entry hazard
WG-1055,Neutral Board Edge,Scenario,Deployment edge,A battlefield edge that belongs to neither player and may impose an intermediate level of entry risk.,Creates graded deployment geography between friendly and enemy edges,edge classification,"Useful for air, naval and reinforcement-entry scenarios.",Generic design concept,2026-09-23,neutral board edge neutral edge scenario deployment edge
WG-1056,Enemy Board Edge,Scenario,Deployment edge,"A battlefield edge controlled by an opponent, making entry through it more dangerous than through friendly or neutral edges.",Prices aggressive or encircling entry routes,edge classification / entry hazard,Generic spatial-control concept for reserves and off-table entry.,Generic design concept,2026-09-23,enemy board edge hostile edge; enemy table edge scenario deployment edge
WG-1057,Passive Save,Damage & morale,Defence roll,A defensive roll that can cancel incoming damage after an attack has successfully penetrated or inflicted harm.,Adds a post-damage defensive layer independent of ordinary armour,target number / save,"Useful for shields, countermeasures, agility or other abstract protection.",Generic concept,2026-09-23,passive save passive defence save; passive protection damage & morale defence roll
WG-1058,Critical Damage,Damage & morale,Enhanced damage result,An attack result that inflicts more damage than an ordinary successful penetration because the damage roll exceeds the target's protection by a sufficient margin.,Rewards high-quality penetration with stepped damage,extra damage / threshold,A margin-of-success damage mechanic rather than a separate critical-hit table.,Generic design concept,2026-09-23,critical damage critical hit damage; critical damage & morale enhanced damage result
WG-1059,Ace Pilot,Deployment & army building,One-use upgrade,A purchased pilot upgrade that can turn a dangerous manoeuvre result into a highly favourable result once per game.,Lets list-building resources buy insurance against movement risk,points / one use,Interesting because the upgrade modifies manoeuvre reliability rather than raw combat statistics.,"System-specific label, generic concept",2026-09-23,ace pilot ace upgrade; pilot ace deployment & army building one-use upgrade
WG-1060,Close Call,Resolution & tests,One-use reroll,A purchased one-use effect allowing a selected die to be rerolled immediately after a roll.,Converts army-building points into a small reserve of probability control,points / one use,A compact generic name for purchasable luck or emergency correction.,"System-specific label, generic concept",2026-09-23,close call close-call upgrade; emergency reroll resolution & tests one-use reroll
WG-1061,Noise,Scenario,Escalation resource,"A cumulative measure increased by conspicuous actions, representing how much attention the force is attracting.",Turns player activity into escalating environmental pressure,track / meter,Useful for stealth missions where firing and other loud actions worsen later conditions.,"System-specific label, generic concept",2026-09-23,noise noise level; noise meter scenario escalation resource
WG-1062,Threat Level,Scenario,Escalation state,An escalating state driven by accumulated noise that increases the aggression or danger posed by non-player fauna.,Converts player-generated disturbance into stronger hostile-system behaviour,level / track,"Separates the cause of escalation, Noise, from its gameplay consequence, Threat.","System-specific label, generic concept",2026-09-23,threat level threat; threat meter scenario escalation state
WG-1063,Non-Player Fauna,Organization,Neutral hostile unit,Non-player creatures that act as battlefield entities independently of the competing player forces.,Adds an autonomous third-party threat or environmental actor,unit / behaviour rules,"Useful for wildlife, civilians, hazards, monsters and other scenario-controlled actors.",Generic design concept,2026-09-23,non-player fauna fauna; npc fauna organization neutral hostile unit
WG-1064,Initiative Bid,Turn structure,Hidden bid,A secret or simultaneous spend from an initiative pool used to determine who acts first in the next activation exchange.,Turns initiative into a spendable tempo decision rather than a fixed die roll,0-N points / hidden bid,Useful where acting first now reduces command flexibility later.,"System-specific label, generic concept",2026-09-23,initiative bid round bid; initiative-point bid turn structure hidden bid
WG-1065,Initiative Pool,Command & control,Tempo resource,A pool of points available for initiative bidding across a turn or round.,Creates a finite economy for controlling activation priority,points / pool,Distinct from Command Points when its primary purpose is bidding for sequence priority.,Generic design concept,2026-09-23,initiative pool initiative points; bidding pool command & control tempo resource
WG-1066,Zero Bid,Turn structure,Bid consequence,"Choosing to spend no initiative points, usually accepting a penalty to the activated unit in exchange for conserving the pool.",Creates an explicit conserve-tempo trade-off,0 points / action penalty,Useful when 'doing less now' preserves initiative resources for later.,"System-specific label, generic concept",2026-09-23,zero bid bid zero; no-bid activation turn structure bid consequence
WG-1067,Barrage Mishap,Combat & weapons,Support-fire hazard,A pre-resolution failure check representing artillery or naval fire support going wrong before the barrage is placed.,Adds uncertainty and risk to off-table support,die test / mishap threshold,Separates calling fire support from successfully delivering it.,Generic design concept,2026-09-23,barrage mishap mishap; fire-support mishap combat & weapons support-fire hazard
WG-1068,Gas Barrage,Combat & weapons,Persistent area attack,A barrage that creates a hazardous area affecting units around the selected target and allowing some nearby units to withdraw before resolution.,Creates area denial and forced displacement rather than only immediate damage,template / radius / zone,Useful design pattern for persistent or avoidable artillery effects.,"System-specific label, generic concept",2026-09-23,gas barrage gas zone; chemical barrage combat & weapons persistent area attack
WG-1069,Hung on Wire,Engineering & breaching,Obstacle state,A temporary state applied when a unit fails to cross barbed wire and must halt at the obstacle.,Turns failed obstacle crossing into a persistent positional problem,token / state,More informative than simply declaring the movement failed because later actions can address the state.,"System-specific label, generic concept",2026-09-23,hung on wire wire-hung; caught on wire engineering & breaching obstacle state
WG-1070,Wire Crossing Test,Engineering & breaching,Obstacle test,A test made when crossing barbed wire to determine whether the unit passes through or becomes caught and halted.,Resolves breaching friction at a linear obstacle,die test / target number,"Useful generic mechanic for wire, hedges, rubble belts and similar obstacles.","System-specific label, generic concept",2026-09-23,wire crossing test hung on wire test; barbed-wire test engineering & breaching obstacle test
WG-1071,Free Rally Action,Damage & morale,Recovery exception,A recovery action available even when the unit has no normal actions remaining.,Prevents action-loss states from making recovery mathematically impossible,free action / recovery test,A useful safety valve in suppression and fatigue systems.,Generic design concept,2026-09-23,free rally action free rally; zero-action rally damage & morale recovery exception
WG-1072,Status Effect,Turn structure,Temporary state,A temporary modifier created by an action and retained until a defined clearing trigger such as the unit's next activation.,Provides a common lifecycle for short-duration effects,state / expiry trigger,Designer-facing umbrella for effects such as running exposure or taking cover.,Generic design concept,2026-09-23,status effect temporary status; action status turn structure temporary state
WG-1073,Dedicated Action,Turn structure,Restricted action,An action reserved for particular unit types or specialised procedures rather than the standard action list.,Separates specialist capabilities from universal actions,action class,"Useful when ships, engineers or other specialists need bespoke actions without bloating the core action list.",Generic design concept,2026-09-23,dedicated action dedicated action turn structure restricted action
WG-1074,Residual Movement,Movement,Deferred movement,"Movement still owed by a ship after unit activations, resolved later in the turn.",Models continuing momentum after active decisions have ended,distance remaining,A useful way to separate steering choices from compulsory continuing motion.,"System-specific label, generic concept",2026-09-23,residual movement remaining ship movement; residual move movement deferred movement
WG-1075,Change Sail Setting,Movement,Propulsion action,A ship action that changes its sail configuration and therefore its subsequent movement behaviour.,Makes propulsion state an explicit player-controlled variable,state / dedicated action,Generic naval design concept for speed configuration rather than raw movement allowance.,Generic concept,2026-09-23,change sail setting sail setting; sail-state change movement propulsion action
WG-1076,Advance Maneuver,Movement,Ship manoeuvre action,A specialised ship action used for more advanced manoeuvring than ordinary movement.,Provides a separate action channel for demanding vessel handling,dedicated action / geometry,Useful when ordinary sailing and advanced seamanship should have different costs.,"System-specific label, generic concept",2026-09-23,advance maneuver advance manoeuvre; ship manoeuvre movement ship manoeuvre action
WG-1077,Ship Hull Critical,Damage & morale,Critical-damage location,"A critical-damage family applied to a vessel's hull, producing effects such as fire, leaks, steering damage or catastrophic loss.",Routes severe hits through a subsystem-specific result table,table / damage state,Separates hull consequences from rigging consequences.,Generic naval concept,2026-09-23,ship hull critical hull critical; hull damage table damage & morale critical-damage location
WG-1078,Ship Rigging Critical,Damage & morale,Critical-damage location,"A critical-damage family applied to sails, spars, masts and associated rigging rather than the hull.",Lets naval damage degrade mobility independently of hull integrity,table / damage state,Useful subsystem-damage architecture for vehicles with separable mobility systems.,Generic naval concept,2026-09-23,ship rigging critical rigging critical; rigging damage table damage & morale critical-damage location
WG-1079,Fouled,Movement,Collision state,A state in which colliding vessels become entangled and cannot simply separate as normal.,Turns some collisions into an ongoing positional constraint,state / collision result,Useful for naval games where contact can create persistent entanglement.,Generic naval concept,2026-09-23,fouled ships fouled; fouling movement collision state
WG-1080,Roundshot,Combat & weapons,Artillery ammunition,Solid cannon ammunition used as the baseline anti-hull or direct-fire projectile.,Provides a general-purpose artillery ammunition mode,ammunition type / damage die,Useful in games where artillery ammunition type changes the target effect.,Generic historical concept,2026-09-23,roundshot round shot; solid shot combat & weapons artillery ammunition
WG-1081,Chainshot,Combat & weapons,Artillery ammunition,"Specialised cannon ammunition intended primarily to damage sails, spars and rigging.",Targets mobility subsystems rather than hull integrity,ammunition type / damage die,Good example of ammunition creating target-system choice rather than only damage scaling.,Generic historical concept,2026-09-23,chainshot chain shot; anti-rigging shot combat & weapons artillery ammunition
WG-1082,Attack Column,Movement,Formation,A compact infantry formation prioritising movement and assault handling over the frontage of a line.,Changes movement and combat geometry through formation choice,formation / footprint,Distinct from generic Column when the rules explicitly treat an assault-oriented column as a formation type.,Generic historical/game concept,2026-09-23,attack column column of attack; assault column movement formation
WG-1083,Loose Formation,Movement,Formation,A dispersed formation with wider spacing between models or elements.,Trades compact formation benefits for flexibility or reduced vulnerability,formation / spacing,Generic formation family useful for irregular or light troops.,Generic concept,2026-09-23,loose formation loose order; loose formation movement formation
WG-1084,Skirmish Formation,Movement,Formation,A dispersed combat formation used by troops operating as skirmishers rather than in close-order bodies.,"Changes frontage, movement and vulnerability through dispersed deployment",formation / spacing,Different from the role 'Skirmisher': this is the formation state.,Generic concept,2026-09-23,skirmish formation skirmish order; skirmish formation movement formation
WG-1085,Spell Token,Magic & powers,Magic resource,A renewable resource accumulated by a caster and spent to attempt spells.,Creates a bounded magic economy separate from ordinary actions,"tokens / points, usually capped",Useful when casters can bank some magical capacity across activations or rounds.,Generic design concept,2026-09-23,spell token spell point; magic token magic & powers magic resource
WG-1086,Spell Assistance,Magic & powers,Cooperative casting,A mechanic allowing nearby casters to spend their own magic resources to improve or hinder another casting attempt.,Turns separate caster pools into a local cooperative or counter-casting network,tokens spent / roll modifier,Useful for magic systems where positioning multiple casters matters.,Generic design concept,2026-09-23,spell assistance spell-token donation; casting support magic & powers cooperative casting
WG-1087,Command Group,Deployment & army building,Unit upgrade package,"A package of specialist models such as a leader, musician or standard bearer that grants distinct unit enhancements.",Bundles several small battlefield bonuses into visible unit members,upgrade slots / points,"Generic rank-and-file design concept, distinct from a command team acting as its own unit.",Generic concept,2026-09-23,command group command-group upgrade deployment & army building unit upgrade package
WG-1088,Sergeant Upgrade,Deployment & army building,Command-group upgrade,A command-group member that improves the unit's combat accuracy or leadership through a model-level upgrade.,Represents junior leadership as an embedded upgrade,one model / points,Useful where command-group members have separate mechanical jobs.,Generic concept,2026-09-23,sergeant upgrade sergeant; unit sergeant deployment & army building command-group upgrade
WG-1089,Musician Upgrade,Deployment & army building,Command-group upgrade,A command-group member that improves movement or manoeuvre performance.,Turns a visible musician model into a mobility bonus,one model / movement modifier,Classic rank-and-file command-group role.,Generic concept,2026-09-23,musician upgrade musician; unit musician deployment & army building command-group upgrade
WG-1090,Banner Upgrade,Deployment & army building,Command-group upgrade,A command-group member that improves morale performance.,Turns a visible standard into a morale bonus,one model / morale modifier,Classic command-group role with a clear mechanical niche.,Generic concept,2026-09-23,banner upgrade banner; standard bearer deployment & army building command-group upgrade
WG-1091,Fear Value,Damage & morale,Melee outcome modifier,A parameterised fear effect that counts as additional inflicted harm when determining the winner of melee.,Converts psychological impact into combat-resolution weight,integer X / virtual wounds,Different from forcing a separate fear test: fear modifies the combat result directly.,"System-specific label, generic concept",2026-09-23,fear value fear(x); fear bonus damage & morale melee outcome modifier
WG-1092,Hero Attachment,Organization,Embedded leader,A rule allowing a hero model to deploy as part of another unit and participate in its tests and casualty sequence.,Embeds an independent character into a unit without creating a separate activation body,attachment / unit membership,Useful distinction from aura-based leaders or separate command stands.,Generic design concept,2026-09-23,hero attachment attached hero; joined hero organization embedded leader
WG-1093,Limited Weapon,Logistics & supply,Usage-limited weapon,"A weapon restricted to a fixed number of uses, commonly one use per battle.",Models scarce ammunition without tracking a full ammunition pool,uses / battle,A weapon-level scarcity keyword rather than a campaign asset.,Generic design concept,2026-09-23,limited weapon limited; one-use weapon logistics & supply usage-limited weapon
WG-1094,Regeneration Save,Damage & morale,Post-damage save,A secondary roll that can ignore a wound after ordinary defence has failed.,Adds a distinct durability layer after the normal defence sequence,target number / save,"Useful for healing, supernatural resilience or self-repair mechanics.",Generic design concept,2026-09-23,regeneration save regeneration; wound-negation roll damage & morale post-damage save
WG-1095,Transport Capacity,Movement,Capacity statistic,A numeric limit on how many models or equivalent spaces a transport can carry.,Converts passenger size into a bounded carrying capacity,integer X / model spaces,Useful when large models consume multiple transport spaces.,Generic concept,2026-09-23,transport capacity transport(x); transport spaces movement capacity statistic
WG-1096,Passenger Space,Movement,Capacity unit,"The unit of capacity consumed by a passenger inside a transport, with larger models potentially consuming several spaces.",Normalises differently sized passengers against one transport capacity,space / slot,A simple abstraction for mixed passenger sizes.,Generic design concept,2026-09-23,passenger space transport space; capacity slot movement capacity unit
WG-1097,Dangerous Terrain Test,Terrain & fortifications,Movement hazard test,"A test triggered by movement through or by placement in hazardous terrain, potentially inflicting harm.",Makes terrain danger probabilistic rather than an automatic movement penalty,die test / wound risk,Generic terrain-risk mechanic distinct from Difficult Terrain.,Generic concept,2026-09-23,dangerous terrain test hazardous terrain test terrain & fortifications movement hazard test
WG-1101,Listed Information,Rules language,Rule structure,"A parameter written into a rule name or profile entry and replaced by a specific trait, class or other value when the rule is assigned.",Lets one reusable rule family key off a named category rather than requiring separate rules.,,Added from research batch v19; concise paraphrase retained after de-duplication. ,Generic concept,v19,listed information; parameterised rule; placeholder parameter; cross-genre; generic design concept
WG-1102,Stacking Special Rules,Rules language,Rule structure,"A policy governing whether repeated instances of the same special rule combine, overlap or provide no extra benefit.",Defines how duplicate effects interact and prevents ambiguous cumulative bonuses.,,Added from research batch v19; concise paraphrase retained after de-duplication. ,Generic concept,v19,stacking special rules; effect stacking; stacking rule; cross-genre; generic design concept
WG-1103,Autonomous Explosive,Rules language,Special rule,A self-contained explosive game piece that triggers when an eligible enemy contacts it and is then removed.,Creates a mobile/contact-triggered hazard rather than a conventional attack.,,Added from research batch v19; concise paraphrase retained after de-duplication. ,System-specific label,v19,autonomous explosive; contact mine; autonomous mine; naval / science-fantasy; game-specific label
WG-1104,Auxiliary Mine Layer,Terrain & battlefield,Engineering / battlefield state,A limited mine-deployment capability used during deployment rather than as a normal recurring weapon system.,Adds pre-game area denial without granting full mine-laying capability.,,Added from research batch v19; concise paraphrase retained after de-duplication. ,System-specific label,v19,auxiliary mine layer; deployment mine layer; naval; game-specific label
WG-1105,Breaching Drill,Terrain & battlefield,Engineering / battlefield state,A specialised ramming or breaching system that replaces part of the normal collision resolution with its own attack procedure.,Models purpose-built penetration equipment and alternative ram resolution.,,Added from research batch v19; concise paraphrase retained after de-duplication. ,System-specific label,v19,breaching drill; ram drill; breaching ram; naval / siege; game-specific label
WG-1106,Cloud Dive,Deployment & army building,Deployment / reserves,A special deployment method that places an aerial unit onto the battlefield away from enemies and marks it as newly arrived.,Provides deep deployment with arrival-state restrictions.,,Added from research batch v19; concise paraphrase retained after de-duplication. ,System-specific label,v19,cloud dive; airborne insertion; special aerial deployment; aerial / naval; game-specific label
WG-1107,Deceptive Deployment,Deployment & army building,Deployment / reserves,"A deployment ability that allows a previously placed unit to be removed and deployed again, potentially changing its deployment state.",Represents misinformation or feints by allowing placement decisions to be revised.,,Added from research batch v19; concise paraphrase retained after de-duplication. ,Generic concept,v19,deceptive deployment; redeployment; deployment feint; cross-genre; generic design concept
WG-1108,Flight Deck,Special effect families,Support / defence,"A carrier facility that generates, launches or reallocates short-range aircraft or similar support assets.",Defines a parent platform's capacity to project subordinate aerial assets.,,Added from research batch v19; concise paraphrase retained after de-duplication. ,Generic concept,v19,flight deck; air wing facility; carrier deck; naval / aerial; generic design concept
WG-1109,Flotsam,Terrain & battlefield,Engineering / battlefield state,A rule that replaces a destroyed vessel or model with a wreck or debris marker when space permits.,Turns destroyed units into persistent battlefield terrain or hazards.,,Added from research batch v19; concise paraphrase retained after de-duplication. ,Generic concept,v19,flotsam; wreck replacement; debris marker; naval; generic design concept
WG-1110,Ground Assault,Deployment & army building,Deployment / reserves,An action that projects troops from a unit onto a territory or objective where their presence can contest or score it.,Connects transport assets to persistent territorial control.,,Added from research batch v19; concise paraphrase retained after de-duplication. ,Generic concept,v19,ground assault; landing operation; troop assault; combined arms / naval; generic design concept
WG-1111,Guardian Wing,Special effect families,Support / defence,A defensive aircraft capability that improves interception against incoming air attacks and may permit interception without an existing support formation.,Provides local anti-air protection through subordinate aircraft.,,Added from research batch v19; concise paraphrase retained after de-duplication. ,System-specific label,v19,guardian wing; interceptor cover; defensive air patrol; aerial / naval; game-specific label
WG-1112,Heavy Transport,Deployment & army building,Deployment / reserves,A transport capability that allows an eligible reserve unit to arrive near the carrier instead of making its normal reserve arrival procedure.,Links reserve arrival to a transport platform.,,Added from research batch v19; concise paraphrase retained after de-duplication. ,Generic concept,v19,heavy transport; carrier deployment; transported reserve; cross-genre transport; generic design concept
WG-1113,Landing Party Support,Objectives & scoring,Territory control,"A support ability that adds friendly presence to, or removes enemy presence from, a nearby territory after movement.",Allows nearby platforms to influence an objective without conducting a full assault.,,Added from research batch v19; concise paraphrase retained after de-duplication. ,Generic concept,v19,landing party support; objective support; landing-party reinforcement; naval / objective play; generic design concept
WG-1114,Mine Layer,Terrain & battlefield,Engineering / battlefield state,"A unit capability for placing minefield markers during deployment or play, normally subject to spacing and placement restrictions.",Creates persistent area-denial hazards rather than resolving an immediate attack.,,Added from research batch v19; concise paraphrase retained after de-duplication. ,Generic concept,v19,mine layer; minelayer; mine deployment; naval / modern; generic design concept
WG-1115,Mothership,Deployment & army building,Deployment / reserves,A parent platform that expands attachment capacity or allows associated units to enter play near it.,Makes one unit a deployment and force-organisation anchor for subordinate craft.,,Added from research batch v19; concise paraphrase retained after de-duplication. ,Generic concept,v19,mothership; parent carrier; deployment hub; naval / aerospace / science-fiction; generic design concept
WG-1116,Raking Strike,Combat & weapons,Reaction / movement attack,"A pass-through attack made against a model crossed during movement, resolving after the movement path creates the attack opportunity.",Couples movement path and attack eligibility.,,Added from research batch v19; concise paraphrase retained after de-duplication. ,Generic concept,v19,raking strike; strafing pass; fly-by attack; aerial / naval; generic design concept
WG-1117,Resupply Run,Damage & morale,Logistics / readiness,A support mission that allocates temporary supply tokens to nearby friendly units for later recovery or replenishment.,Models battlefield logistics as a discrete support action.,,Added from research batch v19; concise paraphrase retained after de-duplication. ,Generic concept,v19,resupply run; supply mission; replenishment run; logistics / naval; generic design concept
WG-1118,Take On Supplies,Damage & morale,Logistics / readiness,The act of consuming an allocated supply resource to remove disruption or attempt to clear a depleted-ammunition state.,Turns logistics tokens into recovery of readiness or ammunition.,,Added from research batch v19; concise paraphrase retained after de-duplication. ,Generic concept,v19,take on supplies; resupply; replenish; logistics; generic design concept
WG-1119,Stockpile,Damage & morale,Logistics / readiness,A finite local reserve that can absorb depletion states from nearby units and later clear some of those stored depletion markers.,Represents limited local logistics capacity with an explicit exhaustion ceiling.,,Added from research batch v19; concise paraphrase retained after de-duplication. ,Generic concept,v19,stockpile; ammunition stockpile; supply cache; logistics; generic design concept
WG-1120,Transfer Munitions,Damage & morale,Logistics / readiness,A logistics procedure that moves an ammunition-depletion state from a supported unit onto a supply-bearing unit or stockpile.,Models ammunition redistribution separately from generic healing or repair.,,Added from research batch v19; concise paraphrase retained after de-duplication. ,Generic concept,v19,transfer munitions; ammunition transfer; rearm; logistics; generic design concept
WG-1121,Unexpected Arrival,Deployment & army building,Deployment / reserves,A reserve-arrival method that bypasses the normal arrival roll and permits flexible placement in exchange for temporary movement or action penalties.,Trades reliable deep arrival for reduced immediate effectiveness.,,Added from research batch v19; concise paraphrase retained after de-duplication. ,Generic concept,v19,unexpected arrival; automatic reserve arrival; surprise arrival; deployment / reserves; generic design concept
WG-1122,Coordinated Defences,Special effect families,Support / defence,A defensive mechanism where nearby models in the same unit contribute to the protection of the model being attacked.,Rewards formation integrity by pooling defensive capability.,,Added from research batch v19; concise paraphrase retained after de-duplication. ,Generic concept,v19,coordinated defences; mutual defence; pooled defence; defence / formation; generic design concept
WG-1123,Escort Bay,Special effect families,Support / defence,"A support system that deploys a limited number of escort assets to nearby friendly units, subject to normal capacity limits.",Redistributes defensive subordinate assets during play.,,Added from research batch v19; concise paraphrase retained after de-duplication. ,Generic concept,v19,escort bay; escort deployment; support craft bay; naval / support; generic design concept
WG-1124,Game-Limited Campaign,Game format & scale,Campaign,A campaign whose duration is defined by a fixed or randomly determined number of missions.,Campaign duration / end condition,missions,Added from research batch v20; concise paraphrase retained after de-duplication. ,Generic concept,v20,game-limited campaign; fixed-length campaign; mission-limited campaign; campaign; generic design concept
WG-1125,Point-Limited Campaign,Game format & scale,Campaign,A campaign that ends when a participant reaches a specified victory-point threshold.,Campaign duration / victory condition,victory points,Added from research batch v20; concise paraphrase retained after de-duplication. ,Generic concept,v20,point-limited campaign; vp-threshold campaign; campaign; generic design concept
WG-1126,Time-Limited Campaign,Game format & scale,Campaign,A campaign that ends after a specified number of real-world time periods rather than a fixed number of battles.,Campaign duration / end condition,weeks or other time periods,Added from research batch v20; concise paraphrase retained after de-duplication. ,Generic concept,v20,time-limited campaign; calendar campaign; timed campaign; campaign; generic design concept
WG-1127,Endless Campaign,Game format & scale,Campaign,"An open-ended campaign with no mandatory final round, usually retaining cumulative standings.",Persistent campaign structure,ongoing VP or ranking,Added from research batch v20; concise paraphrase retained after de-duplication. ,Generic concept,v20,endless campaign; open campaign; ongoing campaign; campaign; generic design concept
WG-1128,Parallel Play,Game format & scale,Campaign,"A campaign structure allowing participants to play different numbers of matches concurrently, with scoring adjusted to compensate.",Campaign scheduling / participation normalisation,matches and adjusted VP,Added from research batch v20; concise paraphrase retained after de-duplication. ,Generic concept,v20,parallel play; parallel campaign play; campaign; generic design concept
WG-1129,Late Joiner,Game format & scale,Campaign,"A participant entering a campaign after it has begun, normally receiving defined starting resources or adjusted scoring.",Campaign participation / catch-up,army or campaign entry state,Added from research batch v20; concise paraphrase retained after de-duplication. ,Generic concept,v20,late joiner; mid-campaign entrant; campaign; generic design concept
WG-1130,Underdog Point,Game format & scale,Campaign,A compensating resource awarded according to the value gap between weaker and stronger campaign forces and spent to modify rolls.,Campaign catch-up mechanic,points spent on roll modifiers,Added from research batch v20; concise paraphrase retained after de-duplication. ,System-specific label,v20,underdog point; underdog resource; catch-up point; campaign / balancing; game-specific label
WG-1131,No Permadeath,Game format & scale,Campaign,An optional campaign mode in which a defeated unit is temporarily unavailable or loses progress instead of being permanently removed.,Campaign casualty severity option,matches missed / XP loss,Added from research batch v20; concise paraphrase retained after de-duplication. ,Generic concept,v20,no permadeath; non-lethal campaign mode; temporary casualty mode; campaign; generic design concept
WG-1132,Skill Set,Game format & scale,Campaign,A bounded family of advancement traits from which a character gains abilities as it levels.,Structures character progression,traits / levels,Added from research batch v20; concise paraphrase retained after de-duplication. ,Generic concept,v20,skill set; skill tree; advancement track; campaign / advancement; generic design concept
WG-1133,Disband Unit,Game format & scale,Campaign,"A campaign action that permanently removes a unit from the roster, normally forfeiting its accumulated experience and upgrades.",Roster management / force turnover,unit,Added from research batch v20; concise paraphrase retained after de-duplication. ,Generic concept,v20,disband unit; retire unit; dismiss unit; campaign / force management; generic design concept
WG-1134,Base Interval,Measurement & spatial,Formation / movement state,The maximum permitted spacing between component bases that must remain mutually connected as a unit.,Formation cohesion and footprint control,distance,Added from research batch v20; concise paraphrase retained after de-duplication. ,Generic concept,v20,base interval; cohesion interval; base spacing; historical / formation; generic design concept
WG-1135,Deployment Area,Deployment & army building,Deployment / reserves,The contiguous area occupied by a formation and the permitted spacing around and between its component elements.,Defines the spatial footprint within which attached or supporting elements operate,area / distance,Added from research batch v20; concise paraphrase retained after de-duplication. ,Generic concept,v20,deployment area; formation footprint; historical / formation; generic design concept
WG-1136,Stranded Base,Turn structure,Command & control,A component base separated beyond permitted formation spacing and unable to move normally until contact is restored.,Penalty for broken formation cohesion,distance / state,Added from research batch v20; concise paraphrase retained after de-duplication. ,System-specific label,v20,stranded base; isolated element; separated base; historical / command; game-specific label
WG-1137,Support Range,Measurement & spatial,Formation / movement state,A proximity distance within which friendly formations or units provide specified mutual support effects.,Spatial trigger for support mechanics,distance,Added from research batch v20; concise paraphrase retained after de-duplication. ,Generic concept,v20,support range; support radius; mutual-support distance; cross-genre / formation; generic design concept
WG-1138,Command Base Damage,Turn structure,Command & control,Damage applied to an abstract headquarters element that degrades the performance of subordinate formations rather than directly removing combat troops.,Models disruption of command infrastructure,damage points / roll modifier,Added from research batch v20; concise paraphrase retained after de-duplication. ,Generic concept,v20,command base damage; hq damage; command degradation; historical / command; generic design concept
WG-1139,Flexible Command,Turn structure,Command & control,A command-doctrine rating representing broad local discretion and improving a formation's ability to act under changing conditions.,Positive command-control modifier,roll modifier,Added from research batch v20; concise paraphrase retained after de-duplication. ,Generic concept,v20,flexible command; mission command; flexible doctrine; historical / command; generic design concept
WG-1140,Rigid Command,Turn structure,Command & control,A command-doctrine rating representing restricted local initiative and making formations less responsive to unexpected conditions.,Negative command-control modifier,roll modifier,Added from research batch v20; concise paraphrase retained after de-duplication. ,Generic concept,v20,rigid command; rigid doctrine; centralised command; historical / command; generic design concept
WG-1141,Tactically Stationary,Measurement & spatial,Formation / movement state,A movement-state threshold where a model may have physically moved but is still treated as stationary for specified combat effects.,Separates token movement from mechanically significant movement,distance threshold / state,Added from research batch v20; concise paraphrase retained after de-duplication. ,Generic concept,v20,tactically stationary; stationary threshold; modern / movement; generic design concept
WG-1142,Secondary Ammunition,Damage & morale,Logistics / readiness,A limited ammunition type carried alongside a primary weapon load and capable of becoming exhausted independently.,Tracks depletion of specialist ammunition without tracking every shot,ammo type / depletion state,Added from research batch v20; concise paraphrase retained after de-duplication. ,Generic concept,v20,secondary ammunition; special ammunition; limited ammunition; modern / logistics; generic design concept
WG-1143,Passing Fire,Combat & weapons,Reaction / movement attack,Fire resolved against an enemy while that enemy is conducting movement rather than during the firer's normal fire opportunity.,Reaction attack triggered by enemy movement,attack / movement trigger,Added from research batch v20; concise paraphrase retained after de-duplication. ,Generic concept,v20,passing fire; opportunity fire; movement reaction fire; historical / reaction fire; generic design concept
WG-1144,Combat Lull,Turn structure,Tempo,A temporary interruption in battle tempo that can cancel or curtail normal turn activity and trigger other scenario effects.,Introduces uncertain pauses into turn tempo,die result / turn state,Added from research batch v20; concise paraphrase retained after de-duplication. ,Generic concept,v20,combat lull; battle lull; operational pause; historical / tempo; generic design concept
WG-1145,Barrage Request Queue,Turn structure,Support request,An ordered pipeline of requested indirect-fire missions that arrive after delay as capacity becomes available.,Models communications and artillery response delay,requests / turns,Added from research batch v20; concise paraphrase retained after de-duplication. ,Generic concept,v20,barrage request queue; fire-mission queue; artillery request queue; historical / artillery; generic design concept
WG-1146,Manhandling,Deployment & army building,Deployment / reserves,Moving a crew-served gun or mortar without motorised transport.,Movement mode for heavy weapons without transport,distance / movement allowance,Added from research batch v20; concise paraphrase retained after de-duplication. ,Historical / common terminology,v20,manhandling; hand haul; crew movement; historical / artillery; historical/common terminology
WG-1147,Engineering Action,Terrain & battlefield,Engineering / battlefield state,A dedicated action spent performing battlefield engineering rather than ordinary movement or combat.,"Action economy for construction, clearance, demolition or preparation.",action / turn,Added from research batch v21; concise paraphrase retained after de-duplication. ,Generic concept,v21,engineering action; engineer task; engineering task; engineering / cross-genre; generic design concept
WG-1148,Demolition Action,Terrain & battlefield,Engineering / battlefield state,"A dedicated engineering action used to prepare or execute destruction of a terrain feature, obstacle or structure.",Separates destructive engineering from general engineering activity.,action / turn,Added from research batch v21; concise paraphrase retained after de-duplication. ,Generic concept,v21,demolition action; demolition task; engineering / demolition; generic design concept
WG-1149,Prepared Demolition,Terrain & battlefield,Engineering / battlefield state,A terrain feature or structure that has been pre-rigged for later destruction.,Creates a delayed or conditional terrain-destruction state.,state / marker,Added from research batch v21; concise paraphrase retained after de-duplication. ,Generic concept,v21,prepared demolition; wired demolition; rigged demolition; engineering / demolition; generic design concept
WG-1150,Remove Demolition,Terrain & battlefield,Engineering / battlefield state,An engineering task that neutralises previously prepared demolition charges before they can be triggered.,Counter-engineering against prepared terrain destruction.,action / test,Added from research batch v21; concise paraphrase retained after de-duplication. ,Generic concept,v21,remove demolition; disarm demolition; remove charges; engineering / counter-engineering; generic design concept
WG-1151,Minefield Density,Terrain & battlefield,Engineering / battlefield state,A rating describing how concentrated a minefield is and therefore how difficult or dangerous it is to cross.,Controls minefield passage difficulty without changing its physical footprint.,rating / modifier,Added from research batch v21; concise paraphrase retained after de-duplication. ,Generic concept,v21,minefield density; mine density; engineering / mine warfare; generic design concept
WG-1152,Surface-Laid Minefield,Terrain & battlefield,Engineering / battlefield state,A minefield whose mines are laid on or near the surface and may therefore be easier to detect or traverse than concealed mines.,Minefield subtype affecting detection or passage difficulty.,terrain state / modifier,Added from research batch v21; concise paraphrase retained after de-duplication. ,Historical / common terminology,v21,surface-laid minefield; surface mines; engineering / mine warfare; historical/common terminology
WG-1153,Dummy Minefield,Terrain & battlefield,Engineering / battlefield state,A false minefield represented like a real one until interaction reveals that it contains no effective mines.,Area-denial bluff and information-control mechanic.,marker / hidden state,Added from research batch v21; concise paraphrase retained after de-duplication. ,Generic concept,v21,dummy minefield; false minefield; decoy minefield; engineering / deception; generic design concept
WG-1154,Minefield Passage,Terrain & battlefield,Engineering / battlefield state,The procedure or test used when a unit attempts to move through an uncleared minefield.,Resolves risk while crossing an intact mine obstacle.,test / movement,Added from research batch v21; concise paraphrase retained after de-duplication. ,Generic concept,v21,minefield passage; mine passage; minefield crossing; engineering / mine warfare; generic design concept
WG-1155,Marked Lane,Terrain & battlefield,Engineering / battlefield state,A recognised route through a minefield that improves subsequent passage without removing the minefield as a whole.,Creates a reusable route through an otherwise persistent obstacle.,path / marker / modifier,Added from research batch v21; concise paraphrase retained after de-duplication. ,Historical / common terminology,v21,marked lane; marked mine lane; safe lane; engineering / mine warfare; historical/common terminology
WG-1156,Breach Action,Terrain & battlefield,Engineering / battlefield state,"An action dedicated to opening a usable route through a minefield, wire or comparable obstacle.",Creates passage through an obstacle at an action or tempo cost.,action / test,Added from research batch v21; concise paraphrase retained after de-duplication. ,Generic concept,v21,breach action; breaching action; engineering / obstacle reduction; generic design concept
WG-1157,By-Force Crossing,Terrain & battlefield,Engineering / battlefield state,A deliberate attempt to cross an intact minefield without first creating a safe breach.,Trades speed or necessity against minefield risk.,movement / attack exposure,Added from research batch v21; concise paraphrase retained after de-duplication. ,Generic concept,v21,by-force crossing; forced minefield crossing; force crossing; engineering / mine warfare; generic design concept
WG-1158,Breached Minefield,Terrain & battlefield,Engineering / battlefield state,A minefield containing an established safe or reduced-risk route while the surrounding mine obstacle remains effective.,Persistent obstacle state after successful breaching.,terrain state / path,Added from research batch v21; concise paraphrase retained after de-duplication. ,Generic concept,v21,breached minefield; minefield breach; breached hex; engineering / mine warfare; generic design concept
WG-1159,Breach Orientation,Terrain & battlefield,Engineering / battlefield state,"The direction through which an obstacle breach is usable, limiting passage to the route actually opened.",Preserves the geometry of a cleared lane rather than clearing an entire terrain area.,direction / hexside / path,Added from research batch v21; concise paraphrase retained after de-duplication. ,Generic concept,v21,breach orientation; oriented breach; breach direction; engineering / obstacle reduction; generic design concept
WG-1160,Mechanical Breaching,Terrain & battlefield,Engineering / battlefield state,Opening a route through an obstacle with specialist equipment or vehicles rather than dismounted manual effort.,Provides faster or safer obstacle reduction through specialist assets.,vehicle / equipment / path,Added from research batch v21; concise paraphrase retained after de-duplication. ,Historical / common terminology,v21,mechanical breaching; vehicle breaching; mechanical clearance; engineering / mine warfare; historical/common terminology
WG-1161,Bottleneck,Terrain & battlefield,Engineering / battlefield state,A terrain feature or breach that constrains movement and creates additional exposure or congestion as units pass through it.,Models congestion and vulnerability at restricted passages.,terrain state / movement trigger,Added from research batch v21; concise paraphrase retained after de-duplication. ,Generic concept,v21,bottleneck; choke point; movement bottleneck; movement / engineering; generic design concept
WG-1162,Wire Breach,Terrain & battlefield,Engineering / battlefield state,"A persistent opening created through a wire obstacle, often associated with a particular crossing point or direction.",Converts an impassable or costly obstacle segment into a usable passage.,hexside / marker / state,Added from research batch v21; concise paraphrase retained after de-duplication. ,Generic concept,v21,wire breach; breached wire; wire gap; engineering / obstacle reduction; generic design concept
WG-1163,Wire for Demolition,Terrain & battlefield,Engineering / battlefield state,The preparation step that changes a bridge or structure from intact to ready for a later demolition attempt.,"Separates preparation from triggering, allowing interruption and counterplay.",state / engineering test,Added from research batch v21; concise paraphrase retained after de-duplication. ,Generic concept,v21,wire for demolition; rig for demolition; arm demolition; engineering / demolition; generic design concept
WG-1164,Contested Demolition,Terrain & battlefield,Engineering / battlefield state,A demolition attempt triggered when enemy movement threatens a prepared structure or crossing.,Turns prepared destruction into a reaction to enemy approach.,reaction / test,Added from research batch v21; concise paraphrase retained after de-duplication. ,Generic concept,v21,contested demolition; reactive demolition; last-moment demolition; engineering / demolition; generic design concept
WG-1165,Bridge Repair,Terrain & battlefield,Engineering / battlefield state,An engineering process that restores a destroyed or unusable crossing to a usable state.,Reverses terrain destruction and restores mobility.,turns / engineer capacity,Added from research batch v21; concise paraphrase retained after de-duplication. ,Historical / common terminology,v21,bridge repair; crossing repair; engineering / bridging; historical/common terminology
WG-1166,Bridge-Laying Unit,Terrain & battlefield,Engineering / battlefield state,A specialist unit that deploys a temporary bridge or crossing aid onto the battlefield.,Creates a crossing through otherwise restrictive terrain.,unit / bridge marker,Added from research batch v21; concise paraphrase retained after de-duplication. ,Historical / common terminology,v21,bridge-laying unit; bridgelayer; assault bridge; engineering / bridging; historical/common terminology
WG-1167,Pontoon Bridge,Terrain & battlefield,Engineering / battlefield state,A temporary floating bridge assembled by engineers to carry units across a water obstacle.,Creates a constructed water crossing with an explicit engineering time or capacity cost.,length / sections / turns,Added from research batch v21; concise paraphrase retained after de-duplication. ,Historical / common terminology,v21,pontoon bridge; floating bridge; engineering / bridging; historical/common terminology
WG-1168,Bridge Train,Deployment & army building,Deployment / reserves,A transport formation carrying the modular components and equipment required to construct a temporary bridge.,Makes bridging capability dependent on transported engineering matériel.,vehicles / bridge components,Added from research batch v21; concise paraphrase retained after de-duplication. ,Historical / common terminology,v21,bridge train; bridging train; bridge convoy; engineering / logistics; historical/common terminology
WG-1169,Obstacle Reduction,Terrain & battlefield,Engineering / battlefield state,The process of degrading an obstacle sufficiently to permit easier movement without necessarily removing it completely.,Supports multi-stage obstacle states rather than binary present/absent terrain.,actions / tests / state,Added from research batch v21; concise paraphrase retained after de-duplication. ,Generic concept,v21,obstacle reduction; reduce obstacle; obstacle clearance; engineering / cross-genre; generic design concept
WG-1170,Minimal Damage,Combat,Low-effect attack,An attack profile that normally inflicts no damage but retains a small chance to cause a single point when it hits.,,,Imported from research batch during v21 relational rebuild.,System-specific label,v16,minimal damage
WG-1171,Attack Direction,Combat,Facing resolution,A geometric check that determines which facing of a target receives an attack.,,,Imported from research batch during v21 relational rebuild.,System-specific label,v16,attack direction
WG-1172,Range Bracket,Combat,Range band,A discrete distance band used to select an attack value or modifier instead of resolving each weapon at a unique continuous range.,,,Imported from research batch during v21 relational rebuild.,System-specific label,v16,range bracket
WG-1173,Armor Bubble,Morale,Damage track unit,"A single markable unit on an armour track, removed before damage reaches internal structure.",,,Imported from research batch during v21 relational rebuild.,System-specific label,v16,armor bubble
WG-1174,Structure Bubble,Morale,Damage track unit,A single markable unit on a structure track representing damage after external armour has been exhausted.,,,Imported from research batch during v21 relational rebuild.,System-specific label,v16,structure bubble
WG-1175,Overheat Long,Combat,Heat trade-off ability,An ability extending an overheat-for-damage trade-off into the long-range bracket.,,,Imported from research batch during v21 relational rebuild.,System-specific label,v16,overheat long
WG-1176,External Heat,Morale,Resource pressure,Heat imposed by enemy attacks or other outside effects rather than generated by the unit's own weapons.,,,Imported from research batch during v21 relational rebuild.,System-specific label,v16,external heat
WG-1177,Fireteam Integrity,Command,Formation cohesion,A requirement that linked members remain within the positional and rules constraints needed to function as a Fireteam.,,,Imported from research batch during v21 relational rebuild.,System-specific label,v16,fireteam integrity
WG-1178,Rejoin Fireteam,Command,Cohesion recovery,A procedure that allows an eligible member to return to a linked team after separation when the required conditions are restored.,,,Imported from research batch during v21 relational rebuild.,System-specific label,v16,rejoin fireteam
WG-1179,Immobilized-A,Morale,Immobilisation state,A temporary disabling state that restricts a model's movement and is cleared through a defined recovery procedure.,,,Imported from research batch during v21 relational rebuild.,System-specific label,v16,immobilized-a
WG-1180,Immobilized-B,Morale,Immobilisation state,A second immobilisation state with a different cause or recovery route from the A variant.,,,Imported from research batch during v21 relational rebuild.,System-specific label,v16,immobilized-b
WG-1181,Disconnected State,Command,Network-loss state,A state representing a unit or game element losing the control link required for normal operation.,,,Imported from research batch during v21 relational rebuild.,System-specific label,v16,disconnected state
WG-1182,Possessed State,Command,Control-transfer state,A state in which control of a unit is temporarily transferred or subverted by an opposing effect.,,,Imported from research batch during v21 relational rebuild.,System-specific label,v16,possessed state
WG-1183,Sepsitorized State,Command,Permanent allegiance-change state,A game-specific state representing a hostile conversion that changes how the affected trooper is controlled.,,,Imported from research batch during v21 relational rebuild.,System-specific label,v16,sepsitorized state
WG-1184,Unloaded State,Logistics,Weapon readiness state,A state showing that a limited or reload-dependent piece of equipment is currently unavailable until restored.,,,Imported from research batch during v21 relational rebuild.,System-specific label,v16,unloaded state
WG-1185,Initiative Move,Turn Structure,Command-independent move,A movement allowance resolved before or without a successful command order when local circumstances permit.,,,Imported from research batch during v21 relational rebuild.,System-specific label,v16,initiative move
WG-1186,March Column,Movement,Formation,"A narrow formation optimised for rapid movement, particularly along roads, at the cost of combat effectiveness.",,,Imported from research batch during v21 relational rebuild.,System-specific label,v16,march column
WG-1187,Limbered Artillery,Movement,Artillery movement state,An artillery state configured for movement rather than firing.,,,Imported from research batch during v21 relational rebuild.,System-specific label,v16,limbered artillery
WG-1188,Manhandled Artillery,Movement,Artillery movement mode,Artillery moved directly by its crew over a short distance without normal transport.,,,Imported from research batch during v21 relational rebuild.,System-specific label,v16,manhandled artillery
WG-1189,Closing Fire,Combat,Charge reaction,Shooting resolved against an enemy as it closes into hand-to-hand combat.,,,Imported from research batch during v21 relational rebuild.,System-specific label,v16,closing fire
WG-1190,Enfilading Fire,Combat,Positional fire advantage,"Fire delivered along a formation's vulnerable length or flank, gaining an accuracy or effect advantage.",,,Imported from research batch during v21 relational rebuild.,System-specific label,v16,enfilading fire
WG-1191,Mixed Formation,Movement,Formation,A formation combining different deployment characteristics within one unit rather than using a single uniform frontage.,,,Imported from research batch during v21 relational rebuild.,System-specific label,v16,mixed formation
WG-1192,Retire,Morale,Forced movement result,A morale or combat result requiring a unit to move away from the enemy while remaining on the battlefield.,,,Imported from research batch during v21 relational rebuild.,System-specific label,v16,retire
WG-1193,Hold Ground,Morale,Morale result,A morale outcome in which a tested unit remains in its current position despite suffering pressure.,,,Imported from research batch during v21 relational rebuild.,System-specific label,v16,hold ground
WG-1194,Aiming Point,Targeting,Artillery reference point,The selected point or enemy position used as the reference location for placing and resolving an indirect-fire bombardment.,,,Imported from research batch during v21 relational rebuild.,System-specific label,v17,aiming point
WG-1195,Spotting Team,Targeting,Indirect-fire observer,A battlefield element that supplies line of sight and targeting information so an artillery unit can establish an indirect-fire solution.,,,Imported from research batch during v21 relational rebuild.,System-specific label,v17,spotting team
WG-1196,Repeat Bombardment,Combat,Sustained indirect fire,"An indirect-fire attack made against a previously established target solution, avoiding some or all of the work needed to establish a new one.",,,Imported from research batch during v21 relational rebuild.,System-specific label,v17,repeat bombardment
WG-1197,Smoke Screen,Terrain,Temporary LOS blocker,A temporary area or line of smoke placed by weapons that blocks or restricts line of sight until its expiry condition.,,,Imported from research batch during v21 relational rebuild.,System-specific label,v17,smoke screen
WG-1198,Danger Close,Combat,Fire-support safety constraint,A restriction preventing or penalising indirect fire when friendly elements are too close to the intended impact area.,,,Imported from research batch during v21 relational rebuild.,System-specific label,v17,danger close
WG-1199,Dug In,Terrain,Prepared defensive state,"A state gained after successfully preparing field positions, improving a unit's protection or concealment while it occupies them.",,,Imported from research batch during v21 relational rebuild.,System-specific label,v17,dug in
WG-1200,Booby Trap,Engineering,Hidden obstacle,A concealed or delayed-reveal explosive obstacle triggered when an enemy enters or interacts with its location.,,,Imported from research batch during v21 relational rebuild.,System-specific label,v17,booby trap
WG-1201,Barbed Wire Entanglement,Engineering,Linear obstacle,"A constructed linear obstacle that impedes infantry movement and may require a crossing, clearing or breaching procedure.",,,Imported from research batch during v21 relational rebuild.,System-specific label,v17,barbed wire entanglement
WG-1202,Artillery Battery,Organisation,Fire-support unit,A grouped artillery unit treated as a single fire-support element for targeting and bombardment procedures.,,,Imported from research batch during v21 relational rebuild.,System-specific label,v17,artillery battery
WG-1203,Ranging Attempt,Resolution,Iterative targeting attempt,One try in a limited sequence of tests used to establish an indirect-fire target solution.,,,Imported from research batch during v21 relational rebuild.,System-specific label,v17,ranging attempt
WG-1204,Number of Weapons Firing,Combat,Volume-of-fire scaling,A rule that changes bombardment reliability or effect according to how many weapons participate in the fire mission.,,,Imported from research batch during v21 relational rebuild.,System-specific label,v17,number of weapons firing
WG-1205,Defensive Fire,Combat,Assault reaction,Fire resolved by defenders during an enemy assault or charge before close combat is completed.,,,Imported from research batch during v21 relational rebuild.,System-specific label,v17,defensive fire
WG-1206,Horde Mode,Scenario,Survival game mode,A scenario format in which defenders face successive enemy waves while protecting objectives and accumulating a score or progression benefits.,,,Imported from research batch during v21 relational rebuild.,System-specific label,v17,horde mode
WG-1207,Enemy Wave,Scenario,Recurring reinforcement group,A batch of hostile units introduced together as one stage in an escalating survival scenario.,,,Imported from research batch during v21 relational rebuild.,System-specific label,v17,enemy wave
WG-1208,Defence Objective,Objectives,Protected scenario asset,An objective the defending side must keep intact or under control while hostile waves attempt to destroy or seize it.,,,Imported from research batch during v21 relational rebuild.,System-specific label,v17,defence objective
WG-1209,Kill Experience,Progression,In-battle progression reward,Experience awarded to a unit or hero for destroying enemy models during the current battle.,,,Imported from research batch during v21 relational rebuild.,System-specific label,v17,kill experience
WG-1210,Overheating,Combat,Weapon risk keyword,A weapon drawback that can damage its own firing model when poor attack results occur.,,,Imported from research batch during v21 relational rebuild.,System-specific label,v17,overheating
WG-1211,Fragile,Damage,Vulnerability keyword,A vulnerability rule that increases damage when the model first suffers harm during a defined period.,,,Imported from research batch during v21 relational rebuild.,System-specific label,v17,fragile
WG-1212,Tactician,Command & control,Resource generation,Unit keyword that contributes command dice without necessarily granting full command authority.,Designer use: Adds capacity to a command-resource pool.,,Imported from research batch during v21 relational rebuild.,System-specific label,v18,tactician
WG-1213,Recon Roll,Turn structure,Initiative determination,Pre-battle or opening test used to determine which side begins with initiative.,Designer use: Determines initial initiative or first activation.,,Imported from research batch during v21 relational rebuild.,System-specific label,v18,recon roll
WG-1214,Command Order,Command & control,Orders,Order available through a particular commander or command model rather than the whole faction.,Designer use: Spends command resources to apply commander-specific effects.,,Imported from research batch during v21 relational rebuild.,System-specific label,v18,command order
WG-1215,In Play,Rules language,Game state,State for a model or unit currently participating in the battle rather than destroyed or awaiting deployment.,"Designer use: Defines eligibility for rules, resources and effects.",,Imported from research batch during v21 relational rebuild.,System-specific label,v18,in play
WG-1216,Neutral Unit,Rules language,Allegiance,Model or unit controlled by neither main player and given special interaction rules by the scenario.,"Designer use: Represents civilians, creatures or other non-player battlefield actors.",,Imported from research batch during v21 relational rebuild.,System-specific label,v18,neutral unit
WG-1217,Leader Model,Organization,Unit role,Designated model used as the reference point or authority figure within a multi-model unit.,"Designer use: Provides measurement, removal or command reference for its unit.",,Imported from research batch during v21 relational rebuild.,System-specific label,v18,leader model
WG-1218,Sprint Action,Movement,Movement action,High-speed movement action using the faster movement allowance of a unit.,Designer use: Trades action opportunity for increased displacement.,,Imported from research batch during v21 relational rebuild.,System-specific label,v18,sprint action
WG-1219,Advance Action,Movement,Movement action,Standard movement action using a unit's normal movement allowance.,Designer use: Provides ordinary tactical repositioning.,,Imported from research batch during v21 relational rebuild.,System-specific label,v18,advance action
WG-1220,Weight of Fire,Shooting,Dice manipulation,Rule representing concentrated fire by allowing a limited number of attack dice to be re-rolled or otherwise improved.,Designer use: Improves reliability through volume rather than raw penetration.,,Imported from research batch during v21 relational rebuild.,System-specific label,v18,weight of fire
WG-1221,Exceptional Roll,Resolution & tests,Exceptional success threshold,Fallback procedure for tests whose nominal success threshold lies beyond the normal die range.,Designer use: Allows extreme difficulty without changing the core die type.,,Imported from research batch during v21 relational rebuild.,System-specific label,v18,exceptional roll
WG-1222,Out-of-Game Spell,Special effect families,Magic timing,"Spell resolved outside the normal battle sequence, usually during campaign preparation or aftermath.",Designer use: Moves magical effects into campaign or pre-battle procedure.,,Imported from research batch during v21 relational rebuild.,System-specific label,v18,out-of-game spell
WG-1223,Self-Only Spell,Special effect families,Magic targeting,Spell whose legal target is the caster alone.,Designer use: Restricts a magical effect to self-buffing or self-movement.,,Imported from research batch during v21 relational rebuild.,System-specific label,v18,self-only spell
WG-1224,Touch Spell,Special effect families,Magic targeting,Spell requiring direct contact with its target rather than ranged targeting.,Designer use: Makes positioning and adjacency part of spell delivery.,,Imported from research batch during v21 relational rebuild.,System-specific label,v18,touch spell
WG-1225,Area-Effect Spell,Special effect families,Magic targeting,Spell whose effect applies across an area or to multiple eligible figures rather than one target.,Designer use: Applies one magical effect to a zone or group.,,Imported from research batch during v21 relational rebuild.,System-specific label,v18,area-effect spell
WG-1226,Casting Roll,Resolution & tests,Magic test,Test made to determine whether a spell is successfully cast and often how strongly it resolves.,Designer use: Resolves spell success and may set a resistance threshold.,,Imported from research batch during v21 relational rebuild.,System-specific label,v18,casting roll
WG-1227,Will Roll,Resolution & tests,Resistance test,"Test using a will or mental-resistance characteristic to resist control, fear or magical effects.",Designer use: Provides active resistance against mental or magical influence.,,Imported from research batch during v21 relational rebuild.,System-specific label,v18,will roll
WG-1228,Active Spell,Special effect families,Persistent effect,"Previously cast spell whose effect remains in force until cancelled, expired or otherwise removed.",Designer use: Tracks persistent magical state.,,Imported from research batch during v21 relational rebuild.,System-specific label,v18,active spell
WG-1229,Spell Cancellation,Special effect families,Effect removal,"Ending an ongoing spell through its own condition, a counter-effect or voluntary cancellation.",Designer use: Removes persistent magical state without necessarily undoing past consequences.,,Imported from research batch during v21 relational rebuild.,System-specific label,v18,spell cancellation
WG-1230,Temporary Warband Member,Deployment & army building,Temporary control,Figure that joins a force for a limited battle or duration rather than becoming a permanent roster member.,Designer use: Adds temporary manpower without permanent recruitment.,,Imported from research batch during v21 relational rebuild.,System-specific label,v18,temporary warband member
WG-1231,Uncontrolled Creature,Turn structure,Autonomous actor,Creature not controlled by either player's normal activation authority and resolved by its own behaviour rules.,Designer use: Creates autonomous battlefield behaviour.,,Imported from research batch during v21 relational rebuild.,System-specific label,v18,uncontrolled creature
WG-1232,Mine Sweeper,Terrain & battlefield,Obstacle clearance,"Unit, model or system equipped to remove or neutralise minefield markers.",Designer use: Provides specialist capability against mine obstacles.,,Imported from research batch during v21 relational rebuild.,System-specific label,v18,mine sweeper
WG-1233,Mine Clearance,Terrain & battlefield,Obstacle clearance,Action or procedure used to remove a minefield from the play area.,Designer use: Reduces or removes a persistent hazardous obstacle.,,Imported from research batch during v21 relational rebuild.,System-specific label,v18,mine clearance
WG-1234,Participating Model,Rules language,Action participation,Model within a unit that is specifically counted as contributing to a shared action.,"Designer use: Defines which models add dice, mass or other values to a collective resolution.",,Imported from research batch during v21 relational rebuild.,System-specific label,v18,participating model
WG-1235,Initial Target,Targeting & visibility,Target hierarchy,First model selected as the principal target of an attack before secondary targets or area effects are resolved.,"Designer use: Anchors targeting, visibility and secondary-effect geometry.",,Imported from research batch during v21 relational rebuild.,System-specific label,v18,initial target
WG-1236,Positional Trait,Measurement & spatial,Spatial state,"Trait describing the model's current positional domain, such as surface, airborne or submerged.",Designer use: Controls interaction eligibility between different spatial layers.,,Imported from research batch during v21 relational rebuild.,System-specific label,v18,positional trait
WG-1237,Repair Facilities,Damage & morale,Damage control,Support system that improves repair attempts made by nearby eligible models.,Designer use: Provides local assistance to damage-control resolution.,,Imported from research batch during v21 relational rebuild.,System-specific label,v18,repair facilities
WG-1238,Priority Signals,Command & control,Command override,Limited command-system effect that improves the strength or priority of another command effect.,Designer use: Raises the chance or resistance threshold of a command intervention.,,Imported from research batch during v21 relational rebuild.,System-specific label,v18,priority signals
WG-1239,Mass Rating,Game data,Physical rating,"Numeric rating representing a model's relative mass for collisions, grapples or mass-dependent effects.",Designer use: Supplies a common physical scale for opposed movement and impact mechanics.,,Imported from research batch during v21 relational rebuild.,System-specific label,v18,mass rating
WG-1240,Shockwave Roll,Resolution & tests,Area disruption test,Action roll whose dice pool is derived from participating models' combined mass to inflict disruption at range.,Designer use: Converts physical mass into a non-contact disruption attack.,,Imported from research batch during v21 relational rebuild.,System-specific label,v18,shockwave roll
WG-1241,Full Thrust,Movement,Movement state,Temporary high-speed state gained by engaging boosted propulsion and lost when disrupted or at phase end.,Designer use: Marks exceptional propulsion performance and its vulnerability to damage.,,Imported from research batch during v21 relational rebuild.,System-specific label,v18,full thrust
